,url,buildings,dates,relevance score
27,https://nychanow.nyc/guidance-regarding-covid-19/,"['adams', 'astoria', 'dyckman', 'fulton', 'grant', 'johnson', 'melrose', 'rutgers', 'stapleton', 'taft', 'tompkins', 'wagner']","{'july 30', 'sept 23', 'july 24', 'august 31', 'july 26', 'january 11', 'march 28', 'july 15', 'nov 12', 'august 16', 'june 25', 'september 15', 'june 22', 'april 17', 'aug 24', 'march 24', 'april 15', 'december 29', 'marys 414', 'june 28', 'february 15', 'december 22', 'march 17', 'aug 11', 'december 31', 'march 15', 'oct 28', 'march 22', 'september 13'}",14.763304455445569
24,https://nychanow.nyc/pact-progress-2022/,"['adams', 'butler', 'chelsea', 'eastchester gardens', 'edenwald', 'elliott', 'fulton', 'grant', 'harlem river', 'manhattanville', 'melrose', 'moore', 'rangel', 'sack wern', 'smith', 'wald', 'white']",{'novate 8531'},4.215037128712869
63,https://nychanow.nyc/70-million-initial-investment-will-decarbonize-nycha-buildings-with-new-heat-pump-electrification-technologies/,"['adams', 'grant']",None,4.170173267326724
220,https://nychanow.nyc/celebrating-womens-history-month/,"['moore', 'pink', 'tilden', 'white']",None,3.4675123762376217
143,https://nychanow.nyc/nycha-partners-announce-innovation-challenge-for-clean-energy-heating-cooling-systems/,"['amsterdam', 'grant']",{'december 20'},2.848081683168312
87,https://nychanow.nyc/434-million-in-comprehensive-renovations-completed-at-9-developments/,"['adams', 'albany', 'berry', 'brown']",None,2.7648514851485118
22,https://nychanow.nyc/nycha-and-partners-begin-137m-pact-modernization/,"['adams', 'amsterdam', 'audubon', 'bethune gardens', 'marshall plaza', 'washington']","{'june 2019', 'january 10'}",2.640160891089107
294,https://nychanow.nyc/checking-in-with-each-other/,"['bland', 'cypress hills', 'farragut', 'grant', 'la guardia']",None,2.552908415841587
217,https://nychanow.nyc/nycha-completes-solar-installations-at-queensbridge-houses/,"['forest', 'grant', 'queensbridge north', 'queensbridge south']",None,2.52691831683168
103,https://nychanow.nyc/72-million-of-heating-system-improvements-coming-to-marble-hill-and-berry-houses/,"['830 amsterdam avenue', 'amsterdam', 'berry', 'marble hill']","{'december 2023', 'april 19', 'december 2021'}",2.383044554455444
118,https://nychanow.nyc/28-6m-in-heating-upgrades-at-taft-houses-and-whitman-houses/,"['grant', 'taft', 'whitman']","{'july 2019', 'january 2020'}",2.3381806930693045
149,https://nychanow.nyc/366-million-in-investments-coming-to-four-nycha-developments-in-chelsea/,"['chelsea', 'chelsea addition', 'elliott', 'fulton']","{'october 2019', 'april 2021', 'february 2021'}",2.3193069306930685
11,https://nychanow.nyc/nycha-and-resident-leaders-select-pact-partners-to-address-85m-in-repair-needs-at-metro-north-plaza-and-gaylord-white-houses/,"['adams', 'johnson', 'metro north plaza', 'robinson', 'white']",{'novating 523'},2.2577351485148514
147,https://nychanow.nyc/445-million-in-comprehensive-repairs-coming-to-edenwald-houses/,"['edenwald', 'wald']","{'december 10', 'february 2021'}",2.1571782178217838
127,https://nychanow.nyc/nycha-and-hdc-finalize-deal-to-begin-236-million-renovation-at-harlem-river/,"['grant', 'harlem river', 'harlem river ii', 'wilson']",{'february 17'},1.981126237623764
321,https://nychanow.nyc/information-about-coronavirus/,"['brown', 'brownsville', 'grant', 'mott haven', 'woodside']","{'february 21', 'april 24', 'august 12', 'april 22', 'april 15', 'april 27'}",1.9016089108910874
122,https://nychanow.nyc/pact-partners-to-provide-360m-in-comprehensive-repairs-for-reid-apartments-and-park-rock-consolidated/,['reid apartments'],None,1.860767326732675
141,https://nychanow.nyc/new-pact-projects-to-deliver-comprehensive-repairs-and-quality-property-management-for-more-than-3100-nycha-apartments/,"['butler', 'eastchester gardens', 'melrose', 'moore', 'rangel', 'west brighton i']","{'december 22', 'june 30'}",1.839727722772277
56,https://nychanow.nyc/complimenting-staff/,"['baruch', 'breukelen', 'carey gardens', 'grant', 'haber', 'howard', 'lehman', 'monroe', 'moore', 'todt hill', 'wyckoff gardens']",None,1.8230198019801982
216,https://nychanow.nyc/nycha-seeks-partners-to-implement-comprehensive-repairs-and-investments-at-fulton-and-elliott-chelsea-houses/,"['chelsea', 'chelsea addition', 'elliott', 'fulton']","{'april 23', 'august 11', 'february 2021'}",1.7623762376237628
214,https://nychanow.nyc/new-pact-projects-to-bring-comprehensive-repairs-to-more-than-9500-residents/,"['clason point gardens', 'johnson', 'metro north plaza', 'ocean hill apartments', 'sack wern', 'wilson']",None,1.7243193069306935
259,https://nychanow.nyc/new-pact-projects-bringing-major-repairs-to-another-10000-nycha-residents/,"['bushwick', 'edenwald', 'wald']","{'december 21', 'february 18', 'november 18', 'july 2019', 'november 24', 'december 16', 'january 2020'}",1.681311881188119
19,https://nychanow.nyc/nycha-celebrates-key-landmarks-for-sustainability-in-2022/,"['astoria', 'berry', 'carey gardens', 'grant', 'mill brook', 'polo grounds towers', 'red hook west', 'wagner', 'woodside']",None,1.6129331683168313
78,https://nychanow.nyc/governor-signs-legislation-establishing-the-nyc-public-housing-preservation-trust/,"['adams', 'albany', 'polo grounds towers']",{'june 16'},1.5136138613861385
69,https://nychanow.nyc/nycha-begins-design-and-construction-of-state-of-the-art-pneumatic-waste-collection-system-at-polo-grounds-towers/,"['berry', 'polo grounds towers', 'rangel', 'roosevelt i']",{'june 30'},1.5095915841584158
193,https://nychanow.nyc/nycha-finalizes-deals-to-construct-393-affordable-apartments-for-seniors-in-the-bronx-brooklyn/,"['sotomayor', 'soundview', 'sumner']",None,1.4715346534653464
152,https://nychanow.nyc/nycha-and-partners-celebrate-ribbon-cutting-for-van-dyke-iii-affordable-housing-project/,"['adams', 'brown', 'brownsville', 'crown heights', 'van dyke i', 'van dyke ii']",{'november 10'},1.4477103960396043
163,https://nychanow.nyc/new-pact-projects-to-deliver-comprehensive-repairs-quality-property-management-for-more-than-5900-bronx-manhattan-apartments/,"['boston secor', 'middletown plaza', 'taft']","{'october 21', 'february 14'}",1.4291460396039612
499,https://nychanow.nyc/clean-green-comfort/,"['303 vernon avenue', 'astoria', 'brown', 'brownsville', 'campos plaza ii', 'carey gardens', 'carleton manor', 'coney island', 'cooper park', 'cypress hills', 'east river', 'glenmore plaza', 'gowanus', 'gravesend', 'haber', 'howard', 'hughes apartments', 'kingsborough', 'kingsborough extension', 'la guardia', 'la guardia addition', 'long island baptist houses', 'low houses', 'pink', 'rangel', 'redfern', 'roosevelt i', 'smith', 'sumner', 'tilden', 'van dyke i', 'woodson']",{'march 2018'},1.4223391089108919
113,https://nychanow.nyc/stakeholders-give-thumbs-up-to-nychas-work-order-reform-in-queens-staten-island/,"['bland', 'stapleton', 'white']",None,1.3700495049504953
233,https://nychanow.nyc/a-blueprint-for-change-in-the-news/,"['grant', 'washington']","{'december 25', 'july 28', 'february 11'}",1.3616955445544547
31,https://nychanow.nyc/meet-eva-trimble-nychas-new-chief-operating-officer/,['grant'],"{'july 2022', 'marked 22', 'july 13'}",1.285581683168316
74,https://nychanow.nyc/betances-residence-opens-in-the-bronx/,['mott haven'],{'june 16'},1.281559405940594
175,https://nychanow.nyc/nycha-celebrates-climate-week-with-updated-sustainability-agenda/,['forest'],{'september 20'},1.264542079207919
100,https://nychanow.nyc/basketball-court-bbq-spaces-support-connected-communities-at-pomonok-houses/,['pomonok'],None,1.2642326732673266
12,https://nychanow.nyc/meet-richard-meyers-project-manager-in-asset-capital-management/,"['jackson', 'johnson']",None,1.25990099009901
17,https://nychanow.nyc/resident-groups-awarded-climate-action-grants-for-community-sustainability-projects/,"['grant', 'mill brook', 'red hook west', 'wagner', 'woodside']",{'january 20'},1.2144183168316827
107,https://nychanow.nyc/nychas-capital-projects-roundup-march/,"['breukelen', 'grant', 'jackson', 'marcy', 'smith']",{'march 20'},1.2122524752475252
267,https://nychanow.nyc/growing-nycha-food-entrepreneurs/,"['farragut', 'glenwood', 'gowanus', 'nostrand', 'pomonok', 'queensbridge south', 'ravenswood', 'robinson', 'south beach', 'todt hill', 'washington', 'woodside']",None,1.2073019801980194
437,https://nychanow.nyc/nycha-2-0-new-comprehensive-plan-to-fix-preserve-public-housing/,['ingersoll'],None,1.1769801980198016
71,https://nychanow.nyc/pact-a-better-way-of-living-for-nycha-residents/,['smith'],None,1.1624381188118813
489,https://nychanow.nyc/leroy-williams-service-superstar/,['melrose'],None,1.1621287128712867
585,https://nychanow.nyc/congratulations-on-the-following-recent-appointments/,"['grant', 'washington']","{'july 2016', 'august 2016'}",1.158725247524753
269,https://nychanow.nyc/recognizing-exemplary-members-of-nychas-team/,"['1010 east 178th street', 'astoria', 'breukelen', 'cypress hills', 'glenwood', 'grant', 'jefferson', 'lexington', 'manhattanville', 'marble hill', 'marcy', 'melrose', 'smith', 'washington', 'wyckoff gardens']",None,1.1494430693069297
158,https://nychanow.nyc/nycha-releases-climate-adaptation-plans-for-addressing-extreme-weather-hazards/,"['clinton', 'forest']",{'october 25'},1.1491336633663356
647,https://nychanow.nyc/a-true-new-nycha-development-plan/,"['first houses', 'la guardia']",{'sept 28'},1.1290222772277223
23,https://nychanow.nyc/elevators-replacement/,"['adams', 'albany', 'jackson', 'lafayette', 'marcy']","{'april 2022', 'september 2021', 'december 2028'}",1.1191212871287126
196,https://nychanow.nyc/network-for-climate-action-selected-15-nycha-residents-to-engage-in-climate-solutions/,"['brown', 'brownsville', 'mott haven', 'washington']",{'august 2021'},1.1147896039603955
303,https://nychanow.nyc/standing-together-and-supporting-each-other/,['brown'],{'january 2019'},1.112314356435643
34,https://nychanow.nyc/nychas-work-order-reform-continues-making-strides-after-citywide-rollout/,"['astoria', 'jackson', 'kingsborough']","{'march 2022', 'november 2021'}",1.1058168316831678
202,https://nychanow.nyc/the-goal-of-a-greener-nycha/,"['washington', 'white']",None,1.0983910891089104
9,https://nychanow.nyc/meet-george-gomez-supervisor-of-rees-job-generation/,['sack wern'],{'march 2019'},1.0832301980198016
123,https://nychanow.nyc/meet-ukah-busgith/,"['grant', 'pink', 'tilden']",None,1.0788985148514842
29,https://nychanow.nyc/meet-alex-zablocki-executive-director-of-the-fund-for-public-housing/,"['baruch', 'castle hill', 'grant', 'marlboro', 'patterson']",{'september 11'},1.0745668316831676
615,https://nychanow.nyc/all-hands-response-keeps-boilers-operating-in-record-cold/,"['clinton', 'patterson', 'pomonok', 'stapleton', 'throggs neck', 'washington']",{'february 14'},1.0708539603960392
132,https://nychanow.nyc/new-executive-appointments/,['brown'],"{'november 2019', 'april 2019'}",1.0507425742574252
199,https://nychanow.nyc/nycha-receives-563m-in-city-funding-to-upgrade-waste-management-systems/,['latimer gardens'],{'june 17'},1.0482673267326725
669,https://nychanow.nyc/nycha-and-coned-partner-for-cost-savings-and-energy-efficiencies/,"['131 saint nicholas avenue', 'edenwald', 'highbridge gardens', 'lexington', 'saint nicholas', 'wald', 'washington']",None,1.038056930693069
388,https://nychanow.nyc/celebrating-the-upgraded-ocean-bay-apartments/,['bushwick'],{'june 10'},1.0309405940594056
237,https://nychanow.nyc/outdoor-space-serves-as-community-resources-hub-for-stapleton-residents/,['stapleton'],None,1.02134900990099
240,https://nychanow.nyc/progress-on-nychas-pact-program/,"['edenwald', 'wald']",{'february 2020'},1.012066831683168
171,https://nychanow.nyc/nycha-and-hpd-finalize-deal-to-build-101-affordable-apartments-in-the-bronx/,['mott haven'],{'september 28'},1.0117574257425734
104,https://nychanow.nyc/bronx-development-gets-first-induction-stoves-in-move-to-become-fully-electrified/,['1471 watson avenue'],None,0.9975247524752473
204,https://nychanow.nyc/redesigned-annual-recertification-portal-opens-for-all-nycha-residents/,"['lafayette', 'vladeck']",None,0.9941212871287124
182,https://nychanow.nyc/new-pilot-program-in-brooklyn-returns-caretakers-to-traditional-work-schedules/,"['303 vernon avenue', 'atlantic terminal site 4b', 'breukelen', 'sumner', 'wyckoff gardens']",{'august 16'},0.9696782178217824
190,https://nychanow.nyc/nycha-essential-employees-join-hometown-heroes-parade/,"['berry', 'butler', 'cooper park', 'isaacs', 'johnson', 'smith', 'stapleton']",None,0.9532797029702962
444,https://nychanow.nyc/connecting-communities-at-nycha/,"['coney island', 'wald']",None,0.9529702970297028
656,https://nychanow.nyc/gm-kelly-announces-fix-it-forward-initiative/,"['rutgers', 'smith']","{'july 12', 'marked 100'}",0.9501856435643558
75,https://nychanow.nyc/meet-a-nycha-construction-partner-stv/,"['edenwald', 'johnson', 'kingsborough', 'pomonok', 'smith', 'wald']",None,0.9449257425742573
365,https://nychanow.nyc/news-from-the-chair-general-manager/,['marcy'],{'september 17'},0.9399752475247519
43,https://nychanow.nyc/nyc-celebrated-as-finalist-for-c40-cities-bloomberg-philanthropies-award/,"['adams', 'amsterdam']",{'october 19'},0.9384282178217819
258,https://nychanow.nyc/skilled-trades-work-order-reform-pilot-underway-in-queens/,"['astoria', 'queensbridge north', 'queensbridge south', 'ravenswood']",None,0.9275990099009898
232,https://nychanow.nyc/chair-russs-record-of-success-in-rehabilitating-residents-homes/,['elliott'],None,0.920482673267326
643,https://nychanow.nyc/sandy-recovery-open-house-shows-nycha-is-building-back-better-stronger/,['grant'],None,0.9195544554455441
584,https://nychanow.nyc/nychas-capital-team-lights-the-way-to-safety/,"['bushwick', 'butler', 'castle hill', 'ingersoll', 'polo grounds towers', 'saint nicholas', 'stapleton']",None,0.917079207920792
292,https://nychanow.nyc/transforming-nycha-new-staff-appointments-and-new-departments/,['gun hill'],"{'july 27', 'july 13'}",0.9170792079207917
90,https://nychanow.nyc/nycha-honored-by-nypa-as-electrification-leader/,"['1471 watson avenue', '830 amsterdam avenue', 'albany', 'amsterdam']",None,0.9152227722772276
630,https://nychanow.nyc/end-of-year-message-from-chair-shola-olatoye/,"['ingersoll', 'mill brook']",None,0.912438118811881
124,https://nychanow.nyc/sideya-sherman-trie/,"['adams', 'grant']",{'july 2020'},0.8852103960396035
3,https://nychanow.nyc/celebrating-womens-history-month-meet-michele-moore-director-of-comprehensive-modernization/,"['moore', 'todt hill']",{'september 2021'},0.8830445544554455
256,https://nychanow.nyc/boiler-system-upgrades-on-track-for-winter-debut/,"['long island baptist houses', 'robinson']",{'february 2021'},0.8824257425742572
314,https://nychanow.nyc/new-program-trains-nycha-residents-to-become-hpts/,"['glenwood', 'redfern']",{'october 2019'},0.8777846534653465
101,https://nychanow.nyc/earth-week-commemorated-with-events-across-nycha/,"['1471 watson avenue', 'bay view', 'forest', 'grant', 'mitchel', 'wagner']","{'april 28', 'april 21', 'april 23', 'april 22', 'april 20', 'april 30'}",0.8666460396039601
447,https://nychanow.nyc/customer-service-week-2018-exceeding-expectations/,['smith'],None,0.8592202970297019
268,https://nychanow.nyc/nycha-staff-receive-mayors-customer-service-award/,"['astoria', 'wyckoff gardens']",None,0.8418935643564355
112,https://nychanow.nyc/womens-history-month-a-spotlight-on-women-at-nycha/,"['johnson', 'woodside']",{'july 2021'},0.8418935643564353
587,https://nychanow.nyc/property-management-staff-attend-sustainability-boot-camp/,"['coney island', 'surfside gardens']",None,0.829517326732673
517,https://nychanow.nyc/nychas-going-solar/,"['beach 41st street', 'carleton manor', 'coney island', 'gowanus', 'new lane area', 'polo grounds towers', 'pomonok', 'queensbridge north', 'queensbridge south', 'south beach', 'taft', 'throggs neck', 'throggs neck addition', 'wald', 'wyckoff gardens']",None,0.8279702970297029
15,https://nychanow.nyc/nychas-capital-projects-roundup-december-january/,"['bushwick', 'farragut', 'gowanus', 'marshall plaza', 'nostrand']","{'december 23', 'december 27'}",0.8233292079207922
35,https://nychanow.nyc/gas-restored-at-17-developments-impacting-more-than-1000-households-in-time-for-thanksgiving/,"['bland', 'boston secor', 'breukelen', 'coney island', 'east river', 'gun hill', 'jefferson', 'king towers', 'kingsborough', 'melrose', 'parkside', 'pomonok', 'queensbridge south', 'throggs neck', 'tilden', 'wagner']",{'october 27'},0.8121905940594055
674,https://nychanow.nyc/nextgeneration-nycha-frequently-asked-questions/,"['ingersoll', 'mill brook']",None,0.811881188118811
657,https://nychanow.nyc/nycha-connects-with-broadband-access/,"['grant', 'mott haven', 'queensbridge north', 'queensbridge south']",{'july 16'},0.7976485148514849
129,https://nychanow.nyc/nycha-discontinues-over-31000-non-payment-cases/,['grant'],"{'january 24', 'march 2021'}",0.7936262376237618
245,https://nychanow.nyc/nychas-skilled-trades-pilot-increases-productivity-by-18/,"['astoria', 'queensbridge north', 'ravenswood']",{'october 26'},0.7923886138613861
297,https://nychanow.nyc/working-together-for-residents/,['pomonok'],None,0.7809405940594059
174,https://nychanow.nyc/nychas-clean-vents-initiative-generates-jobs-improves-air-quality/,['south beach'],{'april 2021'},0.7806311881188117
16,https://nychanow.nyc/read-healthy-happenings-the-ehs-newsletter/,['brown'],None,0.7756806930693068
599,https://nychanow.nyc/developers-sought-for-two-nextgen-neighborhoods/,"['holmes towers', 'wyckoff gardens']","{'september 30', 'june 30'}",0.7648514851485145
637,https://nychanow.nyc/i-am-nextgen-employees-denise-torres-and-robert-white/,"['clason point gardens', 'red hook east', 'riis', 'white']",None,0.7633044554455444
608,https://nychanow.nyc/nextgen-nycha-a-year-of-progress/,"['holmes towers', 'ingersoll', 'mill brook', 'wyckoff gardens']",None,0.7611386138613857
170,https://nychanow.nyc/protecting-public-housing-from-the-impacts-of-climate-change/,"['forest', 'white', 'wilson']","{'september 24', 'september 27'}",0.7605198019801976
562,https://nychanow.nyc/nycha-celebrates-black-history-month-with-four-employee-profiles/,"['albany', 'glenwood', 'johnson']",None,0.756188118811881
59,https://nychanow.nyc/meet-brian-honan-senior-vice-president-of-intergovernmental-relations/,['albany'],{'june 16'},0.7530940594059401
83,https://nychanow.nyc/community-visioning-for-the-future-of-todt-hill-and-st-nicholas-houses/,"['moore', 'todt hill']","{'february 2022', 'november 2021'}",0.7453589108910891
375,https://nychanow.nyc/new-resident-board-member-is-ready-to-serve/,"['adams', 'brown', 'grant', 'patterson', 'thomas apartments', 'wilson']",None,0.7400990099009903
475,https://nychanow.nyc/better-living-through-technology/,"['saratoga village', 'washington']",None,0.7379331683168315
108,https://nychanow.nyc/resident-roundtable-member-spotlight-2/,"['brevoort', 'johnson', 'kingsborough', 'park rock rehab']",{'june 2021'},0.7373143564356432
479,https://nychanow.nyc/organizational-announcements/,"['jackson', 'riis']","{'april 23', 'april 30', 'january 2018', 'april 10'}",0.7336014851485148
94,https://nychanow.nyc/nycha-residents-thriving-in-it-careers-after-tech51-training/,['mckinley'],None,0.7329826732673267
529,https://nychanow.nyc/fund-for-public-housing-crowdsourcing-for-sustainability-projects/,"['brown', 'brownsville']",None,0.7317450495049505
308,https://nychanow.nyc/mayors-new-plan-to-combat-covid-19-at-nycha/,"['brown', 'brownsville', 'mott haven', 'woodside']","{'april 22', 'april 27', 'april 24'}",0.7274133663366334
150,https://nychanow.nyc/nycha-residents-take-construction-business-training/,"['grant', 'jackson']",None,0.7233910891089109
629,https://nychanow.nyc/i-am-nextgen-jasmine-williams-and-michael-kmiec/,"['king towers', 'lincoln', 'white']",{'february 2015'},0.720915841584158
370,https://nychanow.nyc/5900-apartments-will-receive-major-repairs/,"['audubon', 'bethune gardens', 'harlem river', 'marshall plaza']",None,0.7168935643564355
154,https://nychanow.nyc/nychas-capital-projects-roundup-october/,"['grant', 'ingersoll', 'patterson', 'robinson', 'vladeck']",None,0.7162747524752474
506,https://nychanow.nyc/working-up-a-storm/,"['mott haven', 'patterson']",None,0.71039603960396
58,https://nychanow.nyc/meet-shanna-castillo-senior-director-rees/,"['baruch', 'carey gardens', 'east river']",None,0.709467821782178
54,https://nychanow.nyc/climate-corps-fellows-study-sustainable-food-waste-solutions-at-nycha/,"['brown', 'rutgers', 'wagner']",None,0.7085396039603958
168,https://nychanow.nyc/nychas-capital-projects-roundup-september/,"['boston road plaza', 'corsi houses', 'grant', 'jackson']","{'september 24', 'september 28'}",0.7076113861386135
200,https://nychanow.nyc/first-members-of-resident-roundtable-announced/,"['154 west 84th street', 'adams', 'albany', 'amsterdam', 'astoria', 'baisley park', 'baruch', 'bay view', 'beach 41st street', 'berry', 'borinquen plaza i', 'boston secor', 'breukelen', 'brevoort', 'bronx river', 'brown', 'brownsville', 'bushwick', 'butler', 'carey gardens', 'carver', 'castle hill', 'chelsea', 'clinton', 'cooper park', 'cypress hills', 'dyckman', 'east river', 'eastchester gardens', 'edenwald', 'farragut', 'forest', 'fulton', 'glenwood', 'gompers', 'gowanus', 'grant', 'gun hill', 'hammel', 'harlem river', 'highbridge gardens', 'holmes towers', 'howard', 'hughes apartments', 'ingersoll', 'isaacs', 'jefferson', 'johnson', 'king towers', 'kingsborough', 'la guardia', 'lafayette', 'latimer gardens', 'lehman', 'lincoln', 'low houses', 'manhattanville', 'marble hill', 'marcy', 'marlboro', 'melrose', 'mill brook', 'mitchel', 'monroe', 'morrisania', 'morrisania air rights', 'mott haven', 'ocean hill apartments', 'parkside', 'patterson', 'pelham parkway', 'pink', 'polo grounds towers', 'pomonok', 'queensbridge north', 'queensbridge south', 'rangel', 'ravenswood', 'red hook east', 'red hook west', 'redfern', 'reid apartments', 'richmond terrace', 'riis', 'riis ii', 'robinson', 'roosevelt i', 'rutgers', 'sack wern', 'saint nicholas', 'sedgwick', 'sheepshead bay', 'smith', 'sotomayor', 'soundview', 'south beach', 'south jamaica i', 'stapleton', 'straus', 'stuyvesant gardens i', 'sumner', 'surfside gardens', 'taft', 'throggs neck', 'tilden', 'todt hill', 'tompkins', 'van dyke i', 'vladeck', 'wagner', 'wald', 'washington', 'webster', 'west brighton i', 'whitman', 'wilson', 'woodside', 'woodson', 'wyckoff gardens']",None,0.7073019801980194
86,https://nychanow.nyc/spotlight-on-nychas-relocation-team/,"['bronx river', 'mitchel']",None,0.7042079207920788
20,https://nychanow.nyc/two-residents-named-new-members-of-nycha-board/,"['adams', 'albany', 'johnson', 'smith']",{'january 18'},0.7038985148514849
230,https://nychanow.nyc/green-city-force/,"['bay view', 'forest', 'howard', 'wagner']",None,0.6995668316831678
98,https://nychanow.nyc/ask-the-chair-3/,['todt hill'],None,0.69894801980198
106,https://nychanow.nyc/16-nycha-owned-houses-to-be-rehabilitated-and-sold-to-low-and-moderate-income-new-yorkers/,"['adams', 'grant', 'woodside']",{'february 23'},0.6970915841584154
18,https://nychanow.nyc/meet-victoria-vasquez-the-voice-of-nycha/,['vladeck'],None,0.6933787128712869
81,https://nychanow.nyc/the-fund-for-public-housing-names-new-executive-director/,['baruch'],None,0.6884282178217821
37,https://nychanow.nyc/nycha-observes-america-recycles-day-every-day-of-the-year/,"['astoria', 'bay view', 'forest', 'howard', 'johnson', 'patterson', 'polo grounds towers', 'wagner']","{'november 15', 'september 2021'}",0.6865717821782177
41,https://nychanow.nyc/nychas-capital-projects-roundup-september-october-2022/,"['edenwald', 'farragut', 'grant', 'low houses', 'smith', 'wald']","{'september 10', 'september 13'}",0.6856435643564351
482,https://nychanow.nyc/woodson-houses-is-tops/,"['brown', 'brownsville', 'howard', 'woodson']",{'april 23'},0.6813118811881185
252,https://nychanow.nyc/new-supportive-and-affordable-housing-coming-to-the-bronx/,"['melrose', 'morrisania']",{'january 2021'},0.6800742574257426
431,https://nychanow.nyc/safety-and-security-upgrades-at-7-manhattan-developments/,"['45 allen street', 'gompers', 'grant']",{'december 20'},0.677289603960396
222,https://nychanow.nyc/nycha-residents-celebrate-graduation-from-construction-pre-apprenticeship/,"['brown', 'wald']",{'march 19'},0.6766707920792078
242,https://nychanow.nyc/training-residents-to-take-care-of-community-health/,"['robinson', 'washington', 'wilson']",None,0.6729579207920788
25,https://nychanow.nyc/nychas-healthy-homes-unit-makes-significant-progress-for-residents-in-2022/,"['astoria', 'brevoort', 'chelsea', 'elliott', 'jefferson', 'queensbridge north', 'ravenswood', 'red hook east', 'sumner', 'tompkins', 'wilson']",{'declared 2248'},0.6720297029702967
128,https://nychanow.nyc/nycha-city-tech-program-brings-urban-design-case-study-to-washington-houses/,"['ingersoll', 'sheepshead bay', 'wagner', 'washington', 'whitman']",None,0.6714108910891088
48,https://nychanow.nyc/keeping-seniors-safe-at-home/,['boston road plaza'],{'december 2021'},0.6707920792079206
197,https://nychanow.nyc/residents-hired-to-install-solar-panels-on-nycha-rooftops/,"['albany', 'carver', 'glenwood', 'kingsborough']",{'april 2021'},0.6704826732673264
496,https://nychanow.nyc/nextgen-neighborhoods-development-at-la-guardia-houses-moves-forward/,['la guardia'],None,0.6692450495049503
159,https://nychanow.nyc/residents-ideas-included-in-nychas-sustainability-agenda/,"['grant', 'mott haven']",None,0.6630569306930689
89,https://nychanow.nyc/city-cleanup-corps-a-foot-in-the-door-to-nycha/,"['albany', 'borinquen plaza i']","{'june 2021', 'april 2021', 'june 30'}",0.6599628712871286
275,https://nychanow.nyc/public-art-project-launches-at-red-hook-houses/,"['chelsea', 'elliott', 'fulton', 'mitchel', 'riis']",None,0.6522277227722769
338,https://nychanow.nyc/ready-to-lead/,['sotomayor'],"{'february 26', 'march 25'}",0.6516089108910889
523,https://nychanow.nyc/city-hall-in-your-borough-manhattan/,"['brown', 'brownsville', 'de hostos apartments', 'forest', 'grant', 'harlem river', 'lincoln', 'wagner', 'washington']","{'novated 3375', 'september 29', 'september 27', 'september 26', 'september 28', 'september 25'}",0.6509900990099008
133,https://nychanow.nyc/nycha-is-now-recycling-mattresses-at-dozens-of-developments/,"['albany', 'albany ii', 'astoria', 'baisley park', 'bay view', 'beach 41st street', 'berry', 'borinquen plaza i', 'breukelen', 'brevoort', 'carey gardens', 'dyckman', 'forest', 'grant', 'hammel', 'kingsborough', 'latimer gardens', 'marble hill', 'marlboro', 'mitchel', 'morris i', 'mott haven', 'pomonok', 'queensbridge south', 'rangel', 'ravenswood', 'redfern', 'richmond terrace', 'roosevelt i', 'south beach', 'south jamaica i', 'stapleton', 'throggs neck', 'todt hill', 'wagner', 'west brighton i', 'whitman', 'woodside']","{'july 2021', 'january 2022'}",0.6485148514851483
139,https://nychanow.nyc/making-a-difference-katie-gordon/,"['brown', 'brownsville']",None,0.64789603960396
55,https://nychanow.nyc/nycha-performs-milestone-crane-lift-for-sandy-recovery-program/,"['grant', 'hammel']","{'august 24', 'december 2015', 'october 2012'}",0.6444925742574257
7,https://nychanow.nyc/celebrating-black-history-month-8/,['brown'],"{'february 2020', 'december 2018'}",0.6349009900990096
26,https://nychanow.nyc/nycha-resident-finds-success-through-the-nrta-program/,"['east river', 'washington']","{'july 2022', 'march 2020', 'july 2020', 'august 2020'}",0.6342821782178217
305,https://nychanow.nyc/nychas-resident-leaders-helping-their-communities/,"['farragut', 'haber', 'ingersoll', 'king towers', 'taft', 'whitman']",None,0.6342821782178213
253,https://nychanow.nyc/nychas-recycling-reset-pilot-boosts-recycling-rates%e2%80%af/,"['baruch', 'bushwick', 'butler', 'hylan', 'marcy', 'morris i', 'morrisania', 'riis', 'webster']",{'december 2019'},0.6305693069306928
114,https://nychanow.nyc/nycha-observes-world-water-day/,"['clinton', 'gowanus']",{'march 22'},0.6299504950495047
575,https://nychanow.nyc/nycha-marks-sandy-anniversary-with-major-projects-underway/,"['astoria', 'coney island']",None,0.6290222772277227
448,https://nychanow.nyc/personnel-announcements-from-the-evp-of-operations/,['riis'],"{'august 13', 'september 17'}",0.6287128712871284
116,https://nychanow.nyc/resident-roundtable-member-spotlight/,"['east river', 'jefferson', 'monroe', 'wagner', 'wilson']","{'june 2021', 'march 2021'}",0.6268564356435641
53,https://nychanow.nyc/senior-affordable-housing-complex-holds-ribbon-cutting-near-mill-brook-houses/,"['mill brook', 'mott haven']",{'september 13'},0.6259282178217818
451,https://nychanow.nyc/nycha-partners-to-design-rooftop-solar-gardens/,"['adams', 'baisley park', 'baruch', 'berry', 'bracetti plaza', 'carver', 'elliott', 'glenwood', 'highbridge gardens', 'howard', 'kingsborough', 'lafayette', 'latimer gardens', 'meltzer tower', 'metro north plaza', 'morris park senior citizens home', 'new lane area', 'ocean hill apartments', 'parkside', 'richmond terrace', 'thomas apartments', 'todt hill', 'wagner', 'wyckoff gardens']",None,0.6256188118811881
390,https://nychanow.nyc/new-members-appointed-to-nycha-board/,"['adams', 'patterson', 'thomas apartments', 'wagner', 'wilson']",None,0.6249999999999997
386,https://nychanow.nyc/new-members-appointed-to-nycha-board-2/,"['adams', 'patterson', 'thomas apartments', 'wagner', 'wilson']",None,0.6249999999999997
177,https://nychanow.nyc/meet-shelisa-reid-manager-of-wyckoff-gardens/,"['breukelen', 'sheepshead bay', 'wyckoff gardens']",None,0.6243811881188116
436,https://nychanow.nyc/piloting-a-new-way-to-recycle-at-brownsville-houses/,"['brown', 'brownsville', 'king towers', 'mott haven', 'pink']",None,0.620668316831683
373,https://nychanow.nyc/upgrades-coming-for-2700-residents/,['bushwick'],None,0.6197400990099007
183,https://nychanow.nyc/newly-renovated-basketball-courts-celebrated-across-nycha-this-summer/,"['castle hill', 'king towers', 'moore', 'queensbridge north', 'richmond terrace', 'wagner', 'wald']",{'august 12'},0.6188118811881186
493,https://nychanow.nyc/nycha-celebrates-international-womens-day-2/,"['baruch', 'clason point gardens', 'grant', 'howard', 'la guardia']","{'april 1934', 'march 1933'}",0.6157178217821779
49,https://nychanow.nyc/nycha-closes-on-transfer-of-manhattanville-development-rights-to-adjacent-site/,"['amsterdam', 'manhattanville']","{'november 2013', 'july 2021', 'october 14'}",0.6154084158415841
583,https://nychanow.nyc/new-online-re-certification-provides-247-information-access/,"['lincoln', 'white']","{'december 2015', 'december 2017'}",0.614789603960396
287,https://nychanow.nyc/sideya-sherman-leads-citys-racial-inclusion-and-equity-taskforce/,['brown'],None,0.6123143564356436
181,https://nychanow.nyc/nycha-city-cleanup-corps-workers/,"['coney island', 'cypress hills', 'pink', 'sheepshead bay']",{'march 2020'},0.6107673267326732
565,https://nychanow.nyc/mayor-invests-1-billion-for-roof-repairs/,['parkside'],None,0.6086014851485146
162,https://nychanow.nyc/new-fitness-hub-for-seniors-at-pink-houses/,"['adams', 'carver', 'pink']",{'october 13'},0.6045792079207921
46,https://nychanow.nyc/nycha-safety-awards-recognize-staff-efforts/,"['farragut', 'highbridge gardens']",None,0.6039603960396038
148,https://nychanow.nyc/meet-mildred-aviles-housing-manager-at-rutgers-houses/,"['baruch', 'chelsea', 'riis', 'rutgers', 'straus']",None,0.6021039603960394
250,https://nychanow.nyc/housing-lottery-underway-for-100-affordable-van-dyke-iii-development/,"['brown', 'brownsville', 'van dyke i', 'van dyke ii']","{'january 31', 'april 2021'}",0.5999381188118807
212,https://nychanow.nyc/nycha-brings-vaccination-sites-to-residents/,"['carey gardens', 'castle hill', 'forest', 'gompers', 'johnson', 'mitchel', 'queensbridge north', 'roosevelt i', 'roosevelt ii', 'rutgers', 'saint nicholas', 'van dyke i']",None,0.5971534653465342
609,https://nychanow.nyc/i-am-nextgen-honorees-personify-nychas-commitment-to-service/,"['ingersoll', 'lincoln']",None,0.595606435643564
226,https://nychanow.nyc/new-architecture-and-design-program-from-nycha-city-tech/,['sheepshead bay'],None,0.5934405940594059
628,https://nychanow.nyc/senior-leadership-meeting-features-ny1-anchor-errol-lewis/,"['howard', 'manhattanville']",None,0.5909653465346535
316,https://nychanow.nyc/nycha-women-and-the-vote/,"['farragut', 'ingersoll', 'johnson', 'whitman']",None,0.5891089108910889
484,https://nychanow.nyc/electrical-connections/,['grant'],None,0.5857054455445543
144,https://nychanow.nyc/green-infrastructure-installations-help-tackle-excess-stormwater/,"['bronx river', 'clinton', 'gowanus']",None,0.58539603960396
210,https://nychanow.nyc/free-or-low-cost-high-speed-internet-coming-to-13-nycha-developments/,"['atlantic terminal site 4b', 'baruch', 'de hostos apartments', 'jefferson', 'manhattanville', 'red hook east', 'red hook west', 'riis', 'riis ii', 'wald', 'wyckoff gardens']",None,0.5850866336633659
651,https://nychanow.nyc/nycha-announces-nextgen-neighborhoods/,"['holmes towers', 'ingersoll', 'mott haven', 'van dyke i', 'wyckoff gardens']",None,0.5844678217821778
280,https://nychanow.nyc/nychas-connected-communities-initiative-wins-wellbeing-cities-award/,['pomonok'],None,0.5829207920792078
92,https://nychanow.nyc/nychas-capital-projects-roundup-april/,"['grant', 'king towers', 'marble hill']",None,0.5816831683168314
248,https://nychanow.nyc/nycha-finalizes-deal-to-construct-182-affordable-apartments-in-the-bronx/,['webster'],{'january 2021'},0.5807549504950493
284,https://nychanow.nyc/design-charrette-looks-to-the-future/,"['baruch', 'kingsborough', 'white']",{'july 28'},0.5761138613861385
362,https://nychanow.nyc/providing-excellent-service-to-residents-6/,"['sedgwick', 'throggs neck']",None,0.5751856435643563
32,https://nychanow.nyc/visioning-the-future-of-gowanus-houses-and-wyckoff-gardens/,"['gowanus', 'wyckoff gardens']","{'april 2022', 'july 2022'}",0.5745668316831679
42,https://nychanow.nyc/free-mentor-program-helps-nycha-cuny-amazon-scholars-with-career-planning/,['grant'],None,0.5714727722772275
36,https://nychanow.nyc/success-stories/,"['grant', 'parkside']",{'march 2022'},0.5708539603960393
330,https://nychanow.nyc/affordable-senior-housing-opens-in-brooklyn/,['ingersoll'],None,0.568688118811881
671,https://nychanow.nyc/nycha-notables/,"['coney island', 'fulton']",None,0.5662128712871286
592,https://nychanow.nyc/nycha-recognized-for-excellence-in-construction-management/,"['kingsborough', 'ravenswood']",None,0.5655940594059405
559,https://nychanow.nyc/chair-olatoye-announces-new-partnership-to-save-public-housing/,['washington'],{'march 27'},0.5652846534653461
203,https://nychanow.nyc/nychas-capital-projects-completed-in-may/,"['astoria', 'boston secor', 'grant', 'washington']",None,0.5631188118811881
466,https://nychanow.nyc/community-conversations-on-smoke-free-nycha/,['brown'],{'july 30'},0.5566212871287126
283,https://nychanow.nyc/new-boilers-will-bring-comfort-and-conservation/,['patterson'],None,0.5522896039603958
380,https://nychanow.nyc/coordinating-a-farm-growing-into-a-leader/,"['brown', 'brownsville', 'grant', 'howard', 'johnson']",None,0.5507425742574253
591,https://nychanow.nyc/new-flexops-pilot-initiative-to-improve-customer-service-debuts/,"['brown', 'dyckman', 'washington']",None,0.5445544554455446
136,https://nychanow.nyc/a-fruitful-endeavor-farms-at-nycha/,"['bay view', 'forest', 'howard', 'pink', 'wagner']",None,0.5399133663366332
343,https://nychanow.nyc/breaking-ground-in-brooklyn/,"['brown', 'brownsville', 'crown heights', 'van dyke i', 'van dyke ii']",None,0.5396039603960394
73,https://nychanow.nyc/residents-work-with-professional-architect-mentors-on-design-ideas-for-wagner-houses/,['wagner'],None,0.5343440594059403
481,https://nychanow.nyc/turning-on-the-heat/,['sumner'],None,0.5340346534653464
146,https://nychanow.nyc/meet-carlos-falu-neighborhood-administrator-in-staten-island/,['moore'],None,0.5287747524752473
126,https://nychanow.nyc/meet-nycha-change-ambassador-albert-freeman/,['ingersoll'],None,0.5284653465346533
40,https://nychanow.nyc/ask-the-ceo-2/,['beach 41st street'],None,0.527846534653465
164,https://nychanow.nyc/nycha-will-require-more-minority-and-women-business-participation-in-its-contracts/,['johnson'],None,0.526608910891089
235,https://nychanow.nyc/virtual-summit-spotlights-community-safety-projects-at-nycha/,"['brown', 'brownsville', 'castle hill', 'stapleton', 'wagner']",{'january 23'},0.5262995049504949
415,https://nychanow.nyc/womens-history-month-a-spotlight-on-women-at-nycha-in-non-traditional-careers/,"['hernandez', 'kingsborough']",None,0.5238242574257423
553,https://nychanow.nyc/nychawomenwork-across-the-authority-women-are-making-a-difference/,"['breukelen', 'grant']",None,0.5207301980198018
225,https://nychanow.nyc/nycha-improves-design-of-annual-recertification-portal/,"['lafayette', 'vladeck']",None,0.5207301980198017
14,https://nychanow.nyc/nycha-opens-comp-mod-resident-engagement-office-at-todt-hill-houses-ahead-of-renovations/,"['moore', 'todt hill']",None,0.5194925742574256
187,https://nychanow.nyc/7995-2/,"['brown', 'forest', 'melrose', 'morris i', 'morris ii']","{'june 2020', 'july 27'}",0.5182549504950493
66,https://nychanow.nyc/comp-mod-networking-event/,"['adams', 'gowanus', 'moore', 'todt hill', 'wyckoff gardens']","{'june 29', 'june 24'}",0.5179455445544552
668,https://nychanow.nyc/nycha-joins-citys-greening-and-sustainability-initiative/,"['boynton avenue rehab', 'bronx river', 'bronx river addition', 'grant', 'nostrand']",None,0.5157797029702968
403,https://nychanow.nyc/green-city-force-2019-graduation/,"['brown', 'brownsville', 'ingersoll', 'richmond terrace']",{'april 12'},0.5154702970297028
243,https://nychanow.nyc/spreading-holiday-cheer-through-holiday-meals/,"['glenwood', 'pink', 'robinson', 'south beach', 'tilden', 'todt hill']","{'december 23', 'december 2018'}",0.5151608910891088
178,https://nychanow.nyc/free-wi-fi-for-polo-grounds-residents/,['polo grounds towers'],{'january 2020'},0.5151608910891088
409,https://nychanow.nyc/voices-of-queensbridge/,"['grant', 'patterson', 'riis', 'wagner']",None,0.5151608910891088
236,https://nychanow.nyc/helping-to-grow-profitable-businesses-for-55-years/,"['jackson', 'rutgers', 'white']",{'february 2020'},0.5142326732673266
383,https://nychanow.nyc/employees-honored-by-city-hall-for-rat-reduction-efforts/,"['brown', 'butler', 'marcy', 'riis', 'smith', 'wilson']",{'july 29'},0.505569306930693
231,https://nychanow.nyc/nycha-residents-get-good-jobs-after-nrta-graduation/,['marble hill'],None,0.5052599009900988
246,https://nychanow.nyc/hud-awards-nycha-24-7m-for-safety-security-measures/,"['grant', 'jefferson', 'johnson', 'whitman']",{'april 2019'},0.5030940594059404
191,https://nychanow.nyc/meet-nymiah-branch-neighborhood-administrator-in-brooklyn/,"['breukelen', 'clinton']",None,0.500618811881188
579,https://nychanow.nyc/meet-our-latest-i-am-nextgen-honorees/,"['butler', 'gompers']",None,0.5003094059405939
665,https://nychanow.nyc/nycha-is-ready-for-the-hurricane-season-and-much-more/,"['nostrand', 'pomonok', 'sheepshead bay']",None,0.4981435643564355
387,https://nychanow.nyc/message-from-the-interim-chair-ceo-2/,['fulton'],{'august 12'},0.49288366336633666
391,https://nychanow.nyc/message-from-the-interim-chair-ceo/,['fulton'],{'august 12'},0.49288366336633666
425,https://nychanow.nyc/launching-alternative-work-schedule-aws/,"['clinton', 'dyckman', 'farragut', 'harlem river', 'ingersoll', 'marcy', 'polo grounds towers', 'rangel', 'riis', 'saint nicholas', 'tompkins', 'whitman']",None,0.4925742574257424
348,https://nychanow.nyc/seniors-helping-seniors/,"['adams', 'bushwick', 'manhattanville', 'marlboro', 'nostrand', 'washington']",None,0.4907178217821778
341,https://nychanow.nyc/a-healthy-diversion/,"['baruch', 'meltzer tower']",None,0.49071782178217777
95,https://nychanow.nyc/nycha-residents-employees-honored-by-chpc/,"['chelsea', 'chelsea addition', 'elliott', 'fulton']",{'april 27'},0.4873143564356433
156,https://nychanow.nyc/customer-service-week-2021-power-of-service/,"['brown', 'jefferson', 'parkside', 'pomonok', 'queensbridge north']","{'october 18', 'october 22'}",0.48360148514851475
224,https://nychanow.nyc/nycha-hosts-community-safety-pop-up-at-bracetti-plaza/,"['bracetti plaza', 'mitchel']",None,0.48143564356435636
109,https://nychanow.nyc/meet-kimberly-taylor-director-of-public-housing-tenancy-operations/,"['baruch', 'johnson', 'patterson']",None,0.4808168316831682
239,https://nychanow.nyc/restoring-historic-art-at-kingsborough-houses/,"['fulton', 'harlem river', 'johnson', 'kingsborough']",{'january 28'},0.48019801980197996
44,https://nychanow.nyc/customer-service-week-2022-celebrate-service/,"['richmond terrace', 'wyckoff gardens']","{'october 17', 'october 21'}",0.4798886138613859
537,https://nychanow.nyc/tech-51-program-brings-it-training-to-residents/,['white'],{'august 15'},0.47710396039603936
195,https://nychanow.nyc/nycha-residents-present-design-concepts-via-new-program-with-city-tech/,"['ingersoll', 'whitman']",{'june 12'},0.47617574257425715
588,https://nychanow.nyc/i-am-nextgen-honorees-embody-nychas-commitment-to-service/,['straus'],None,0.469678217821782
257,https://nychanow.nyc/taking-care-and-giving-thanks/,"['adams', 'brevoort', 'bronx river', 'castle hill', 'east new york city line', 'forest', 'gun hill', 'jackson', 'kingsborough', 'mckinley', 'melrose', 'morrisania', 'morrisania air rights', 'robinson', 'sumner', 'throggs neck', 'tompkins']","{'november 19', 'november 25'}",0.46751237623762354
474,https://nychanow.nyc/a-rising-star-at-nycha/,"['brown', 'washington']",None,0.46596534653465327
241,https://nychanow.nyc/nycha-green-city-force-inventory-thousands-of-trees-across-18-campuses/,"['brown', 'brownsville', 'forest']",None,0.46534653465346504
130,https://nychanow.nyc/nychas-capital-projects-roundup-january/,"['ingersoll', 'woodson']",None,0.464108910891089
377,https://nychanow.nyc/partnering-to-change-lives/,['monroe'],None,0.4634900990099009
70,https://nychanow.nyc/announcing-new-chief-operating-officer-and-deputy-chief-operating-officer-appointments/,['baruch'],{'july 25'},0.46349009900990085
406,https://nychanow.nyc/celebrating-fair-housing-month/,['johnson'],{'april 11'},0.4613242574257424
646,https://nychanow.nyc/next-generation-nycha-first-100-days/,"['holmes towers', 'wyckoff gardens']",None,0.46070544554455434
407,https://nychanow.nyc/over-27000-repairs-completed-via-nycha-cares-to-date/,"['baruch', 'castle hill', 'kingsborough', 'manhattanville', 'parkside', 'pink', 'pomonok', 'queensbridge south', 'wagner']","{'july 2018', 'january 2019', 'september 2018'}",0.45606435643564347
5,https://nychanow.nyc/daniel-barber-bhm/,"['clinton', 'jackson']",None,0.45575495049504944
548,https://nychanow.nyc/nychas-comprehensive-mold-remediation-pilot/,"['mckinley', 'reid apartments', 'smith']",None,0.45544554455445535
552,https://nychanow.nyc/senior-team-keeps-a-fresh-perspective-on-developments/,['riis'],"{'april 27', 'march 2016', 'march 30'}",0.4532797029702969
194,https://nychanow.nyc/nycha-named-finalist-for-development-award/,['ingersoll'],None,0.4529702970297029
167,https://nychanow.nyc/making-a-difference-for-residents-8/,['parkside'],{'october 1822'},0.45080445544554454
344,https://nychanow.nyc/meet-jaritza-vazquez/,"['red hook west', 'tompkins']","{'january 2018', 'july 16'}",0.4495668316831682
57,https://nychanow.nyc/nycha-distributed-welcome-baby-bags-to-expecting-families/,"['cypress hills', 'forest']",None,0.44894801980198007
367,https://nychanow.nyc/announcing-the-2019-nycha-cuny-scholars/,"['albany', 'baruch', 'breukelen', 'brown', 'brownsville', 'butler', 'cypress hills', 'east river', 'forest', 'grant', 'ingersoll', 'kingsborough', 'lehman', 'marlboro', 'mckinley', 'pink', 'queensbridge south', 'sheepshead bay', 'smith', 'sotomayor', 'stapleton', 'taft']",{'september 17'},0.448638613861386
234,https://nychanow.nyc/public-art-project-on-view-at-fulton-and-chelsea-elliott-houses/,"['chelsea', 'elliott', 'fulton', 'mitchel', 'riis']",{'june 2021'},0.44616336633663367
272,https://nychanow.nyc/nycha-employee-awarded-for-care-of-older-adults/,"['brown', 'patterson']",None,0.4458539603960395
45,https://nychanow.nyc/nypd-veteran-returns-to-nycha-to-help-lead-the-office-of-safety-and-security/,"['coney island', 'smith', 'surfside gardens']",None,0.4430693069306929
119,https://nychanow.nyc/nychas-capital-projects-roundup-february/,"['grant', 'johnson']",{'february 28'},0.4415222772277226
188,https://nychanow.nyc/making-a-difference-2/,['parkside'],None,0.44090346534653463
266,https://nychanow.nyc/nychas-targeted-relief-for-pests/,"['brown', 'grant', 'smith', 'wilson']","{'september 2020', 'january 31', 'january 2019', 'december 31'}",0.4409034653465346
184,https://nychanow.nyc/making-a-difference-3/,['straus'],None,0.4409034653465345
353,https://nychanow.nyc/news-from-the-chair-general-manager-2/,['hernandez'],{'july 2018'},0.4405940594059404
654,https://nychanow.nyc/farewell-interview-with-natalie-y-rivers/,['baruch'],{'september 25'},0.4402846534653465
426,https://nychanow.nyc/first-saturday-work-blitz-of-2019-closes-nearly-1000-work-orders/,"['albany', 'jackson', 'morrisania', 'morrisania air rights', 'wagner']","{'january 12', 'december 15'}",0.4353341584158416
381,https://nychanow.nyc/new-electric-tilt-truck-pilot-program-at-nycha/,['bushwick'],None,0.43502475247524724
624,https://nychanow.nyc/mayor-de-blasio-discusses-nextgen-neighborhoods/,"['adams', 'holmes towers', 'wyckoff gardens']",{'january 11'},0.43440594059405924
176,https://nychanow.nyc/low-cost-internet-installed-at-3-nycha-developments/,"['303 vernon avenue', 'wald', 'wyckoff gardens']",{'january 2020'},0.4340965346534652
464,https://nychanow.nyc/personnel-announcements/,['rutgers'],"{'july 30', 'september 30'}",0.43347772277227703
638,https://nychanow.nyc/sandy-recovery-enters-new-phase-with-webpage-updates/,"['carleton manor', 'coney island']",{'october 29'},0.4310024752475247
179,https://nychanow.nyc/nychas-capital-projects-roundup-august/,"['carver', 'grant', 'washington']",{'august 25'},0.42976485148514837
10,https://nychanow.nyc/meet-yolanda-brooks-community-associate-in-the-office-of-public-safety-security/,"['taft', 'washington']",None,0.4257425742574255
454,https://nychanow.nyc/on-the-job-experience-for-young-nycha-residents/,"['ingersoll', 'moore', 'whitman']",None,0.42543316831683176
417,https://nychanow.nyc/saturday-work-blitzes-continue/,"['king towers', 'mitchel', 'monroe', 'tompkins']",{'december 2018'},0.42419554455445535
110,https://nychanow.nyc/nychas-open-space-masterplan-recognized-by-the-american-society-of-landscape-architects/,['smith'],"{'march 2020', 'april 13'}",0.42419554455445524
52,https://nychanow.nyc/mayor-adams-honors-nycha-employee-for-supporting-resident-associations/,"['adams', 'brown', 'brownsville', 'howard']",None,0.42141089108910884
658,https://nychanow.nyc/seasonal-employees-seek-summer-jobs-and-permanent-opportunities/,"['saratoga village', 'taft']",{'july 13'},0.41862623762376217
413,https://nychanow.nyc/meet-curtis-williams/,"['beach 41st street', 'hammel', 'howard']",{'july 2016'},0.4176980198019801
105,https://nychanow.nyc/meet-javerea-komal/,['grant'],None,0.4164603960396038
296,https://nychanow.nyc/complete-the-2020-census/,"['brown', 'grant', 'holmes towers', 'marcy', 'redfern', 'surfside gardens', 'whitman', 'wyckoff gardens']","{'april 2020', 'march 12'}",0.41274752475247506
274,https://nychanow.nyc/nychas-new-digital-signage-pilot-at-polo-grounds-towers/,['polo grounds towers'],None,0.4124381188118811
655,https://nychanow.nyc/hello-nycha-calling/,"['brown', 'brownsville', 'jefferson', 'mott haven']",None,0.4105816831683168
312,https://nychanow.nyc/nycha-residents-take-care-of-their-communities/,"['butler', 'forest', 'jackson', 'mckinley', 'redfern', 'smith', 'vladeck']",None,0.4090346534653464
434,https://nychanow.nyc/second-saturday-work-order-blitz/,"['baruch', 'beach 41st street', 'grant', 'kingsborough', 'nostrand', 'patterson', 'ravenswood', 'sedgwick']",{'december 15'},0.4077970297029702
541,https://nychanow.nyc/preserving-and-making-history/,['first houses'],{'july 21'},0.40779702970297016
262,https://nychanow.nyc/announcing-the-2020-nycha-cuny-scholars/,"['amsterdam', 'baruch', 'breukelen', 'brown', 'brownsville', 'cypress hills', 'forest', 'fulton', 'grant', 'gravesend', 'howard', 'lehman', 'lincoln', 'manhattanville', 'metro north plaza', 'mott haven', 'pink', 'straus', 'taft', 'wagner']",{'october 29'},0.4065594059405939
597,https://nychanow.nyc/symposium-underscores-nychas-commitment-to-safety/,"['adams', 'grant', 'johnson']",{'june 30'},0.40624999999999994
598,https://nychanow.nyc/handheld-devices-improve-customer-service/,"['howard', 'lincoln', 'wagner']",{'january 2016'},0.4059405940594059
502,https://nychanow.nyc/from-caretaker-to-supervisor-an-nrta-success-story/,['sheepshead bay'],None,0.40563118811881177
161,https://nychanow.nyc/making-a-difference-for-residents-11/,['baruch'],{'october 1822'},0.40284653465346537
648,https://nychanow.nyc/nycha-notables-3/,['patterson'],None,0.4016089108910889
428,https://nychanow.nyc/get-a-taste-of-nycha-residents-food-businesses-at-the-brooklyn-navy-yard/,['pomonok'],{'january 2016'},0.4016089108910889
622,https://nychanow.nyc/virtual-vita-tax-prep-can-save-you-time-and-money/,"['brown', 'brownsville', 'bushwick', 'coney island', 'edenwald', 'grant', 'hylan', 'jackson', 'jefferson', 'lafayette', 'marcy', 'monroe', 'moore', 'richmond terrace', 'riis', 'riis ii', 'sack wern', 'soundview', 'south beach', 'stapleton', 'todt hill', 'tompkins', 'van dyke i', 'wald', 'west brighton i']",{'april 13'},0.3978960396039602
438,https://nychanow.nyc/creating-opportunity-for-all/,['johnson'],{'november 15'},0.39294554455445535
500,https://nychanow.nyc/mayor-supports-nycha-heat-upgrades/,"['astoria', 'baruch', 'baruch houses addition', 'cypress hills', 'farragut', 'long island baptist houses', 'mckinley', 'melrose', 'pelham parkway', 'pomonok', 'rangel', 'robinson', 'rutland towers', 'sotomayor', 'soundview', 'south beach', 'taft']",None,0.3926361386138614
411,https://nychanow.nyc/ready-to-improve-community-health/,"['stapleton', 'todt hill']",{'february 25'},0.3926361386138613
84,https://nychanow.nyc/nycha-celebrates-new-community-garden-at-manhattanville-houses/,['manhattanville'],None,0.39139851485148497
261,https://nychanow.nyc/marcy-houses-celebrates-opening-of-new-community-center/,"['adams', 'marcy', 'tompkins']",{'august 2018'},0.3901608910891088
666,https://nychanow.nyc/apms-michael-johnson-honored-with-sloan-public-service-award/,['johnson'],None,0.3895420792079208
6,https://nychanow.nyc/board-member-raymond-miller-bhm/,"['johnson', 'smith']",None,0.3889232673267326
378,https://nychanow.nyc/luquana-mcgriff-nycha-resident-food-entrepreneur/,['pomonok'],"{'january 2016', 'october 2018'}",0.38830445544554437
2,https://nychanow.nyc/celebrating-social-work-month-meet-marina-oteiza-director-of-family-partnerships/,"['grant', 'tompkins']",None,0.3864480198019801
488,https://nychanow.nyc/celebrating-reuniting-families-reigniting-hope/,['johnson'],"{'november 2013', 'march 22'}",0.386138613861386
135,https://nychanow.nyc/chief-james-secreto-called-back-to-duty-in-return-to-nycha/,['albany'],"{'november 2014', 'january 2020', 'december 2019'}",0.38459158415841577
218,https://nychanow.nyc/meet-nycha-change-ambassador-krystal-camacho/,['wald'],None,0.3802599009900988
569,https://nychanow.nyc/nycha-employees-go-the-extra-mile/,"['east river', 'edenwald', 'grant', 'howard', 'kingsborough', 'marcy', 'sotomayor', 'sumner', 'wald']",None,0.37995049504950473
13,https://nychanow.nyc/nycha-launches-first-ever-leadership-academy-for-staff/,['woodson'],{'january 31'},0.37747524752475237
33,https://nychanow.nyc/thankful-for-the-nycha-community/,"['carey gardens', 'coney island', 'nostrand', 'robinson', 'sheepshead bay', 'white']","{'november 22', 'november 19'}",0.37716584158415833
424,https://nychanow.nyc/meet-denise-beverly-rees-assessment-specialist-community-coordinator/,['beach 41st street'],"{'march 2013', 'october 2007'}",0.37716584158415833
131,https://nychanow.nyc/making-a-difference-for-residents-14/,"['clinton', 'cypress hills']",{'october 2020'},0.3762376237623763
64,https://nychanow.nyc/meet-teri-dawson-neighborhood-administrator/,"['amsterdam', 'brevoort', 'east river', 'fulton', 'jefferson', 'kingsborough', 'manhattanville', 'queensbridge north', 'queensbridge south', 'straus']",{'january 2022'},0.37623762376237624
673,https://nychanow.nyc/recycling-is-coming-to-all-nycha-developments/,"['bronx river', 'bronx river addition', 'nostrand', 'sheepshead bay']",None,0.3740717821782176
605,https://nychanow.nyc/outstanding-caretakers-honored-at-decarlo-awards/,"['johnson', 'marlboro', 'stapleton']",{'june 10'},0.37376237623762376
667,https://nychanow.nyc/an-interview-with-opmom-property-manager-kathie-shoulders/,"['harlem river', 'lincoln']",None,0.3728341584158415
247,https://nychanow.nyc/chelsea-nonprofit-honors-nycha-residents-for-helping-neighbors-during-pandemic/,"['chelsea', 'elliott', 'fulton', 'johnson', 'wald']",None,0.3728341584158415
649,https://nychanow.nyc/the-skys-the-limit-for-nycha-cuny-scholars/,['johnson'],{'september 22'},0.37221534653465344
138,https://nychanow.nyc/chair-russ-joins-furman-center-panel-discussion-on-nychas-future/,"['edenwald', 'wald']",None,0.3706683168316832
504,https://nychanow.nyc/a-nycha-alumnus-partners-with-the-authority/,"['first houses', 'woodside']",None,0.3703589108910892
619,https://nychanow.nyc/nychas-women-are-hammering-welding-inspecting-and-more/,"['soundview', 'throggs neck']",None,0.3688118811881188
545,https://nychanow.nyc/the-future-is-in-good-hands-with-todays-youth/,"['brown', 'brownsville', 'grant']",None,0.36633663366336633
323,https://nychanow.nyc/complimenting-nycha-contractors/,['gompers'],{'september 27'},0.364789603960396
623,https://nychanow.nyc/rent-collection-training-provides-staff-with-new-tools-and-insights/,"['carey gardens', 'grant', 'jefferson']",{'january 12'},0.3641707920792079
327,https://nychanow.nyc/a-short-stretch-to-better-health/,['carver'],None,0.3616955445544553
221,https://nychanow.nyc/nychas-family-partnerships-department-connects-residents-to-vital-services/,['johnson'],"{'april 14', 'aug 11', 'july 14', 'oct 13', 'mar 31', 'nov 18'}",0.35983910891089105
192,https://nychanow.nyc/nychas-capital-projects-roundup-june/,['astoria'],{'june 22'},0.359839108910891
315,https://nychanow.nyc/green-city-force-graduates-its-20th-class/,"['adams', 'sedgwick']","{'marked 10', 'june 2019', 'february 2020'}",0.35891089108910884
8,https://nychanow.nyc/board-member-james-mckoy-bhm/,['adams'],None,0.3573638613861385
486,https://nychanow.nyc/the-fair-housing-act-50-years-of-progress-and-setbacks/,"['johnson', 'white']",{'april 11'},0.3539603960396039
289,https://nychanow.nyc/100000-face-masks-donated-to-manhattan-nycha-residents/,"['howard', 'polo grounds towers', 'rangel']",{'july 23'},0.35396039603960383
519,https://nychanow.nyc/customer-service-week-shines-a-light-on-nychas-core-values/,['johnson'],None,0.35086633663366334
398,https://nychanow.nyc/career-column-rigoberto-charriez/,"['farragut', 'tompkins']",{'february 22'},0.3505569306930693
326,https://nychanow.nyc/first-resident-leadership-breakfast-focuses-on-nychas-transformation/,['johnson'],{'february 12'},0.34344059405940586
28,https://nychanow.nyc/celebrating-the-life-stories-of-nycha-residents/,['johnson'],None,0.34251237623762376
307,https://nychanow.nyc/going-above-beyond-nychas-exterminators/,"['brown', 'grant', 'wilson']",None,0.34003712871287134
535,https://nychanow.nyc/a-green-call-to-action/,['white'],None,0.3384900990099007
72,https://nychanow.nyc/veteran-caretakers-presented-with-john-decarlo-award-for-exemplary-service/,"['baruch', 'marlboro', 'smith', 'stapleton']","{'june 22', 'june 16'}",0.338180693069307
77,https://nychanow.nyc/meet-lisa-gladden-housing-assistant-at-breukelen-houses/,"['breukelen', 'sumner']",None,0.3372524752475248
478,https://nychanow.nyc/remembering-kisha-jackson/,"['adams', 'farragut', 'ingersoll', 'jackson', 'whitman']",None,0.33694306930693063
322,https://nychanow.nyc/bright-lights-big-library/,['harlem river'],{'january 30'},0.333539603960396
372,https://nychanow.nyc/a-surprise-award-for-stellar-service/,['moore'],"{'august 15', 'june 20'}",0.33323019801980197
140,https://nychanow.nyc/nycha-workers-residents-help-teens-escaping-fire/,"['brown', 'riis']",{'december 16'},0.3329207920792079
186,https://nychanow.nyc/nrta-graduate-builds-successful-career-in-construction/,['amsterdam'],None,0.33230198019801976
399,https://nychanow.nyc/providing-excellent-service-to-residents/,['wagner'],None,0.32456683168316836
520,https://nychanow.nyc/building-bonds-of-trust/,['rutgers'],{'october 19'},0.32394801980198007
0,https://nychanow.nyc/celebrating-womens-history-month-2/,"['johnson', 'riis']",None,0.32332920792079206
278,https://nychanow.nyc/nychas-response-to-tropical-storm-isaias/,"['cooper park', 'marcy']",None,0.3230198019801979
539,https://nychanow.nyc/an-a-plus-for-jobs-plus/,"['astoria', 'jefferson']",None,0.32240099009900985
515,https://nychanow.nyc/the-great-american-smokeout-todays-the-day-to-quit/,"['morrisania', 'morrisania air rights']","{'july 30', 'march 2016'}",0.3220915841584158
290,https://nychanow.nyc/astoria-houses-invests-in-childrens-futures/,"['astoria', 'ravenswood', 'woodside']",None,0.3214727722772276
310,https://nychanow.nyc/gerard-wheeler/,['woodside'],{'april 13'},0.3208539603960397
507,https://nychanow.nyc/congratulations-to-capital-projects/,['washington'],"{'december 11', 'october 10'}",0.3205445544554455
255,https://nychanow.nyc/queens-public-library-provides-invaluable-programming-during-the-pandemic/,['grant'],{'november 30'},0.3196163366336634
662,https://nychanow.nyc/nycha-holds-safety-symposium-2/,"['grant', 'johnson']",{'june 18'},0.3193069306930693
265,https://nychanow.nyc/former-nycha-resident-awarded-200k-grant-for-sustainability-activism/,"['grant', 'wilson']",None,0.3193069306930693
271,https://nychanow.nyc/working-together-to-transform-nycha/,['brown'],None,0.3189975247524753
503,https://nychanow.nyc/the-new-year-brings-a-new-senior-center-to-red-hook/,"['brown', 'red hook east']",{'december 15'},0.31837871287128705
581,https://nychanow.nyc/love-where-you-live/,"['patterson', 'stapleton']",None,0.3174504950495049
270,https://nychanow.nyc/nychas-sandy-work-spotlighted-in-resiliency-forum/,['washington'],{'october 13'},0.3174504950495049
440,https://nychanow.nyc/nycha-cares-over-13000-work-orders-closed/,"['baruch', 'kingsborough', 'manhattanville', 'parkside', 'pink', 'queensbridge south']",{'july 2018'},0.3140470297029703
533,https://nychanow.nyc/celebrating-the-2017-nycha-cuny-scholars/,"['brown', 'brownsville']",{'september 20'},0.3103341584158415
366,https://nychanow.nyc/in-pursuit-of-a-career-in-technology/,"['ravenswood', 'riis', 'todt hill']",{'september 26'},0.30971534653465344
524,https://nychanow.nyc/round-the-clock-caretakers-improve-service-and-customer-satisfaction/,"['boston road plaza', 'carver', 'middletown plaza']",None,0.30940594059405935
641,https://nychanow.nyc/employees-honored-at-quality-of-work-life-awards/,"['johnson', 'lower east side ii']",None,0.30847772277227725
452,https://nychanow.nyc/announcing-the-2018-nycha-cuny-scholars/,"['baruch', 'brown', 'brownsville', 'cypress hills', 'farragut', 'forest', 'gravesend', 'howard', 'kingsborough', 'manhattanville', 'mckinley', 'pelham parkway', 'polo grounds towers', 'queensbridge south', 'rutgers', 'stapleton', 'surfside gardens', 'taft', 'washington', 'woodside', 'wyckoff gardens']",None,0.307549504950495
660,https://nychanow.nyc/an-interview-with-opmom-asset-manager-james-artis/,"['gompers', 'melrose', 'mitchel', 'mott haven']",None,0.306930693069307
384,https://nychanow.nyc/what-creates-health-at-nycha/,"['castle hill', 'johnson']",None,0.30414603960396036
396,https://nychanow.nyc/beneficial-connections/,['johnson'],None,0.3038366336633663
205,https://nychanow.nyc/celebrating-the-women-of-cpd/,"['mitchel', 'sotomayor']",None,0.3025990099009901
173,https://nychanow.nyc/junior-knicks-basketball-league-restores-citywide-play-for-nycha-youth/,"['wagner', 'wald']",{'october 16'},0.2995049504950494
85,https://nychanow.nyc/indoor-air-quality-at-nycha/,['castle hill'],None,0.29764851485148525
600,https://nychanow.nyc/rees-honored-with-partner-award/,['jackson'],None,0.297029702970297
494,https://nychanow.nyc/change-lives-sign-up-for-syep/,"['grant', 'jefferson']",None,0.29455445544554454
627,https://nychanow.nyc/family-reentry-program-celebrates-two-years-of-success/,['johnson'],{'november 2013'},0.2945544554455445
566,https://nychanow.nyc/nycha-provides-training-on-recycling/,"['brown', 'brownsville']","{'february 2015', 'december 2016'}",0.2933168316831682
172,https://nychanow.nyc/making-a-difference-for-residents-7/,"['cypress hills', 'marcy']",{'october 1822'},0.2926980198019802
473,https://nychanow.nyc/rees-zone-coordinator-honored-for-service-to-the-community/,"['bushwick', 'la guardia']",None,0.29238861386138615
264,https://nychanow.nyc/digital-vans-get-health-safety-makeover-for-service-in-pandemic/,['johnson'],None,0.291769801980198
254,https://nychanow.nyc/meet-john-williams-nycha-safety-associate/,"['brevoort', 'tompkins']",None,0.2877475247524753
505,https://nychanow.nyc/the-elected-officials-guide-to-nycha/,['johnson'],{'january 30'},0.2868193069306931
376,https://nychanow.nyc/providing-excellent-service-to-residents-4/,['marcy'],None,0.28650990099009904
614,https://nychanow.nyc/homegrown-hero-walthene-primus-fighting-for-gender-equality/,"['albany', 'grant']",{'june 2015'},0.285891089108911
111,https://nychanow.nyc/free-internet-installed-at-3-nycha-developments/,"['baruch', 'riis', 'wald']",{'march 26'},0.28527227722772275
465,https://nychanow.nyc/nycha-cares-kicks-off/,"['kingsborough', 'manhattanville']",None,0.28465346534653474
198,https://nychanow.nyc/meet-verna-ferguson-esd/,['tilden'],None,0.28403465346534656
644,https://nychanow.nyc/customer-service-week/,"['grant', 'whitman']",{'october 59'},0.28124999999999994
349,https://nychanow.nyc/nycha-employee-receives-public-service-award/,['davidson'],{'december 11'},0.28094059405940597
435,https://nychanow.nyc/kicking-off-the-senior-champions-program/,['johnson'],{'november 30'},0.28094059405940597
423,https://nychanow.nyc/in-memory-of-mitch-nat-former-chief-of-nychas-utility-marketing-division/,['jackson'],"{'january 27', 'july 21'}",0.28094059405940597
137,https://nychanow.nyc/new-retractable-goal-posts-create-multi-sport-space-at-butler-houses/,['butler'],None,0.2806311881188118
39,https://nychanow.nyc/nychas-policy-advisor-presents-at-international-sustainability-conference/,['cooper park'],None,0.2803217821782178
229,https://nychanow.nyc/meet-sergio-paneque-nychas-new-chief-procurement-officer-2/,['albany'],None,0.2793935643564357
91,https://nychanow.nyc/upgraded-fitness-room-opens-at-red-hook-east-with-assist-from-the-nets/,['red hook east'],None,0.2790841584158416
121,https://nychanow.nyc/mayor-adams-meets-with-nycha-staff-in-first-visit-to-emergency-operations-center/,['adams'],None,0.2781559405940594
319,https://nychanow.nyc/attention-public-housing-wait-list-applicants/,"['berry', 'bushwick', 'manhattanville', 'marcy', 'washington']",None,0.277227722772277
160,https://nychanow.nyc/personnel-announcements-2/,['albany'],"{'october 18', 'november 1979', 'december 2019'}",0.275680693069307
68,https://nychanow.nyc/making-a-difference-10/,['baruch'],None,0.2747524752475248
429,https://nychanow.nyc/awarding-nychas-gardeners/,"['astoria', 'beach 41st street', 'berry', 'breukelen', 'brevoort', 'grant', 'gun hill', 'hammel', 'ingersoll', 'isaacs', 'johnson', 'lafayette', 'manhattanville', 'marcy', 'moore', 'patterson', 'pink', 'pomonok', 'ravenswood', 'richmond terrace', 'smith', 'soundview', 'south beach', 'todt hill', 'tompkins', 'vladeck']",None,0.2747524752475247
659,https://nychanow.nyc/nycha-notables-2/,['mott haven'],"{'july 30', 'september 11'}",0.27351485148514854
416,https://nychanow.nyc/alternative-work-schedule-launches/,"['clinton', 'dyckman', 'farragut', 'harlem river', 'ingersoll', 'marcy', 'polo grounds towers', 'rangel', 'riis', 'saint nicholas', 'tompkins', 'whitman']","{'april 29', 'april 15'}",0.2735148514851485
208,https://nychanow.nyc/janes-walk-highlights-nychas-sandy-recovery-work/,"['carey gardens', 'coney island', 'haber']",None,0.2722772277227723
487,https://nychanow.nyc/erenisse-tavarez-nychas-first-womens-history-month-awardee/,"['coney island', 'moore', 'parkside']",None,0.2704207920792079
405,https://nychanow.nyc/nycha-begins-lead-based-paint-testing-at-135000-apartments/,"['bronx river', 'castle hill', 'harlem river', 'johnson', 'marble hill', 'red hook west', 'saint nicholas']","{'july 2018', 'april 15', 'february 2019', 'december 2018'}",0.2691831683168317
433,https://nychanow.nyc/changing-the-way-nycha-does-business-with-a-can-do-attitude/,['moore'],{'november 14'},0.2685643564356436
414,https://nychanow.nyc/nychas-new-smart-screens/,['white'],None,0.2685643564356435
590,https://nychanow.nyc/resident-watch-to-merge-with-citys-emergency-response-team/,"['brown', 'brownsville', 'bushwick', 'butler', 'castle hill', 'ingersoll', 'patterson', 'stapleton', 'tompkins', 'wagner']",None,0.2679455445544554
422,https://nychanow.nyc/major-repairs-for-eastchester-gardens-community-center/,['eastchester gardens'],None,0.265470297029703
155,https://nychanow.nyc/three-nycha-youth-basketball-teams-claim-junior-knicks-league-championships/,"['bronx river', 'carver', 'hammel', 'johnson', 'wald']","{'october 24', 'october 15'}",0.2636138613861387
580,https://nychanow.nyc/ncos-help-butler-clean-up/,['butler'],None,0.2633044554455446
97,https://nychanow.nyc/meet-tracy-tomer/,"['brown', 'brownsville', 'howard']","{'september 2019', 'march 2020', 'december 2021', 'june 2020', 'november 2019'}",0.2611386138613862
536,https://nychanow.nyc/city-hall-in-your-borough/,['astoria'],"{'july 21', 'july 17', 'july 19', 'july 18', 'july 20'}",0.2608292079207921
62,https://nychanow.nyc/berry-houses-welcomes-upgraded-gym-for-youth-boxing-fitness/,['berry'],None,0.25804455445544555
401,https://nychanow.nyc/alternative-work-schedule-rollout-continues/,"['clinton', 'dyckman', 'farragut', 'harlem river', 'ingersoll', 'marcy', 'polo grounds towers', 'rangel', 'riis', 'saint nicholas', 'tompkins', 'whitman']",{'april 29'},0.2577351485148515
546,https://nychanow.nyc/safety-symposium-puts-eye-on-employee-communication/,"['bay view', 'johnson', 'la guardia']",{'june 29'},0.25773514851485146
88,https://nychanow.nyc/meet-the-oem-field-coordinators-team/,['lincoln'],None,0.25680693069306937
277,https://nychanow.nyc/nycha-seniors-become-technology-pros/,"['glenwood', 'tilden', 'wagner']","{'august 27', 'margorie 76'}",0.25649752475247534
470,https://nychanow.nyc/a-fresh-new-look/,['east river'],None,0.25340346534653463
352,https://nychanow.nyc/thankful-for-community/,"['gompers', 'melrose']",{'november 27'},0.2524752475247524
439,https://nychanow.nyc/saturday-work-order-blitz/,"['baruch', 'kingsborough', 'patterson', 'ravenswood']",None,0.2512376237623763
51,https://nychanow.nyc/hispanic-heritage-month-david-soto/,['tompkins'],"{'october 15', 'september 15', 'december 2021'}",0.24969059405940602
302,https://nychanow.nyc/nychas-naacp-prayer-walk-for-juneteenth/,"['brevoort', 'johnson', 'tompkins']",{'june 19'},0.24969059405940594
117,https://nychanow.nyc/healthy-start-nycha-program-launches-with-baby-shower-at-ingersoll-houses/,['ingersoll'],None,0.2493811881188119
573,https://nychanow.nyc/building-tomorrows-workforce-today/,['grant'],None,0.24597772277227728
636,https://nychanow.nyc/a-thanksgiving-story/,"['astoria', 'moore']",None,0.2453589108910891
219,https://nychanow.nyc/immigrant-heritage-week-celebration-honoring-nychas-language-services-unit/,"['davidson', 'grant']",{'april 17'},0.24504950495049507
572,https://nychanow.nyc/customer-service-week-takes-senior-staff-to-the-frontlines/,"['baruch', 'borinquen plaza i', 'smith', 'straus']",{'october 27'},0.24474009900990107
509,https://nychanow.nyc/a-tree-unites-the-community/,['adams'],None,0.24474009900990104
508,https://nychanow.nyc/prosperity-now/,['washington'],{'november 28'},0.24381188118811878
530,https://nychanow.nyc/a-message-from-the-chair-on-disaster-relief/,"['bushwick', 'castle hill', 'jackson', 'melrose', 'morrisania', 'mott haven', 'stapleton']","{'september 21', 'october 31'}",0.24288366336633668
371,https://nychanow.nyc/baruch-addition-says-we-are-family/,['baruch'],{'july 26'},0.24040841584158418
318,https://nychanow.nyc/meet-latonya-grimes/,['johnson'],None,0.23855198019801982
30,https://nychanow.nyc/nychas-language-services-unit-completes-its-10000th-translation/,"['butler', 'grant']",None,0.23638613861386137
209,https://nychanow.nyc/upgraded-basketball-court-opens-at-wagner-houses/,['wagner'],None,0.23576732673267334
400,https://nychanow.nyc/free-books-for-nycha-residents-ages-0-18/,"['amsterdam', 'bushwick', 'edenwald', 'hylan', 'lincoln', 'wald', 'woodside']","{'70 june 19', '81 june 13'}",0.23545792079207925
347,https://nychanow.nyc/growing-stronger-together/,"['adams', 'mill brook', 'moore', 'patterson']",None,0.23483910891089113
450,https://nychanow.nyc/exceptional-customer-service/,['pomonok'],None,0.234220297029703
543,https://nychanow.nyc/supporting-seniors-needs/,"['lafayette', 'patterson', 'saint nicholas', 'thomas apartments']",None,0.23329207920792083
227,https://nychanow.nyc/making-a-difference-for-residents-3/,['howard'],None,0.2332920792079208
151,https://nychanow.nyc/making-a-difference-5/,['eastchester gardens'],None,0.23050742574257427
392,https://nychanow.nyc/residents-apply-for-a-nycha-cuny-scholarship/,"['ingersoll', 'johnson']",{'june 23'},0.23019801980198024
299,https://nychanow.nyc/nycha-thankstthe-shawn-carter-foundation-and-startsmall-for-helping-residents-buy-groceries/,"['marcy', 'sumner', 'tompkins']",{'june 15'},0.23019801980198018
285,https://nychanow.nyc/responding-to-covid-19-during-my-national-guard-service/,['albany'],"{'july 21', 'march 18'}",0.22957920792079214
185,https://nychanow.nyc/making-a-difference-for-residents-6/,['mott haven'],None,0.22865099009900994
645,https://nychanow.nyc/nycha-celebrates-hispanic-heritage-month/,['throggs neck'],{'october 22'},0.2280321782178218
639,https://nychanow.nyc/thanksgiving-teamwork-to-remember/,"['brown', 'brownsville', 'howard', 'sotomayor', 'washington']",None,0.2277227722772277
213,https://nychanow.nyc/meet-nycha-change-ambassador-chaking-moore/,['moore'],None,0.22679455445544563
368,https://nychanow.nyc/chair-russ-tours-nycha-developments-and-offices/,"['marcy', 'marlboro', 'patterson', 'rangel', 'richmond terrace', 'robbins plaza', 'stapleton', 'tompkins']",None,0.22679455445544558
594,https://nychanow.nyc/i-am-nextgen-honoree-is-award-winning-caretaker/,"['east river', 'johnson']",None,0.2261757425742574
350,https://nychanow.nyc/child-care-the-best-compensation-possible/,"['carleton manor', 'robinson', 'white']",None,0.22462871287128722
516,https://nychanow.nyc/new-construction-to-benefit-1500-nycha-residents/,"['brown', 'redfern']",{'october 27'},0.22370049504950498
521,https://nychanow.nyc/good-service-comes-in-34-languages/,['grant'],{'october 20'},0.22339108910891095
650,https://nychanow.nyc/a-proud-tradition-continues/,"['astoria', 'clinton', 'gowanus', 'johnson', 'marlboro', 'monroe', 'nostrand', 'stapleton', 'wald']",{'september 18'},0.22339108910891092
480,https://nychanow.nyc/kudos-mr-clemente/,"['fulton', 'riis']",None,0.22339108910891092
463,https://nychanow.nyc/new-nycha-farm-in-staten-island/,"['bay view', 'forest', 'howard', 'wagner']",None,0.22308168316831686
526,https://nychanow.nyc/tech-connect/,['grant'],{'october 18'},0.22246287128712874
498,https://nychanow.nyc/recovery-to-resiliency/,['grant'],"{'december 2015', 'february 14'}",0.22184405940594062
273,https://nychanow.nyc/elevator-training-program-helps-workers-ascend/,['chelsea'],None,0.22153465346534656
206,https://nychanow.nyc/nycha-caretakers-honored-for-exemplary-service/,"['glenwood', 'marlboro']",None,0.21936881188118815
215,https://nychanow.nyc/nycha-employees-pitch-in-to-help-farms-prep-for-new-season/,"['bay view', 'forest', 'pink']","{'april 22', 'april 24'}",0.21534653465346543
528,https://nychanow.nyc/new-floor-cleaning-machines-promote-efficiency-in-building-maintenance/,"['ingersoll', 'todt hill']",None,0.21534653465346537
652,https://nychanow.nyc/fence-painting-shows-community-cares/,"['brown', 'brownsville', 'howard']",None,0.2144183168316832
38,https://nychanow.nyc/longtime-resident-dedicates-career-to-nycha-u-s-army/,['lafayette'],None,0.21410891089108913
340,https://nychanow.nyc/visit-the-digital-van-to-join-census-2020/,"['carver', 'east river', 'isaacs', 'jefferson', 'johnson', 'lehman', 'lincoln', 'taft', 'wagner', 'washington']","{'january 31', 'january 29', 'january 2731', 'january 21', 'march 2020', 'january 28', 'january 27', 'january 30'}",0.21379950495049505
404,https://nychanow.nyc/nycha-celebrates-kick-butts-day/,"['astoria', 'stapleton', 'washington']","{'markings 25', 'march 20'}",0.213490099009901
293,https://nychanow.nyc/free-masks-distributed-at-baruch-houses/,"['baruch', 'baruch houses addition', 'hylan']",None,0.21318069306930695
251,https://nychanow.nyc/nycha-resident-educates-fellow-seniors-on-the-wonders-of-technology/,"['grant', 'meltzer tower']",None,0.21101485148514854
460,https://nychanow.nyc/safety-symposium-puts-spotlight-on-safety/,['johnson'],{'june 28'},0.21101485148514854
593,https://nychanow.nyc/preserving-nychas-artistic-heritage/,['harlem river'],None,0.2107054455445545
364,https://nychanow.nyc/alternative-work-schedule-rollout-continues-4/,"['amsterdam', 'amsterdam addition', 'astoria', 'bay view', 'brevoort', 'carey gardens', 'chelsea', 'forest', 'fulton', 'glenwood', 'gowanus', 'grant', 'highbridge gardens', 'johnson', 'king towers', 'kingsborough', 'lafayette', 'marlboro', 'mill brook', 'mitchel', 'morrisania', 'mott haven', 'patterson', 'queensbridge north', 'queensbridge south', 'ravenswood', 'red hook east', 'red hook west', 'robinson', 'rutgers', 'sheepshead bay', 'stapleton', 'surfside gardens', 'throggs neck', 'webster']",{'october 28'},0.2103960396039604
298,https://nychanow.nyc/practicing-tennis-at-home/,"['brevoort', 'ingersoll', 'lafayette', 'marcy', 'sumner', 'tompkins']",None,0.21008663366336636
394,https://nychanow.nyc/speed-networking-for-young-nycha-residents/,"['brown', 'brownsville', 'cypress hills']",{'april 25'},0.20946782178217827
469,https://nychanow.nyc/honoring-nychas-finest/,"['bronx river', 'glenwood', 'marlboro']",None,0.2088490099009901
453,https://nychanow.nyc/a-look-at-first-houses-the-birthplace-of-public-housing/,['first houses'],None,0.2088490099009901
339,https://nychanow.nyc/providing-excellent-service-to-residents-9/,['grant'],None,0.208230198019802
476,https://nychanow.nyc/high-tech-at-your-fingertips/,"['beach 41st street', 'brown', 'dyckman']",None,0.20823019801980197
157,https://nychanow.nyc/read-the-privacy-offices-first-newsletter/,['grant'],{'january 31'},0.20792079207920797
395,https://nychanow.nyc/nychas-office-of-impartial-hearings-is-moving/,"['clinton', 'crown heights', 'washington']","{'june 14', 'june 24', 'june 17'}",0.20482673267326737
410,https://nychanow.nyc/nycha-youth-leaders-win-grants/,"['brown', 'brownsville', 'bushwick', 'grant']",{'april 26'},0.20451732673267334
441,https://nychanow.nyc/managing-through-adversity/,"['moore', 'parkside', 'rutgers']",None,0.2045173267326733
455,https://nychanow.nyc/nychas-sandy-recovery-work-sometimes-comes-with-history-lesson/,"['baruch', 'east river', 'gowanus', 'grant']",None,0.2038985148514852
550,https://nychanow.nyc/up-close-nextgen-nycha-progress/,"['baruch', 'coney island', 'holmes towers', 'ravenswood']",None,0.202970297029703
382,https://nychanow.nyc/free-books-for-nycha-families/,"['amsterdam', 'bushwick', 'edenwald', 'wald', 'woodside']",None,0.20173267326732672
397,https://nychanow.nyc/new-b-ball-court-at-ravenswood/,['ravenswood'],None,0.1983292079207921
324,https://nychanow.nyc/new-book-explores-growing-up-in-public-housing/,['brown'],None,0.1983292079207921
207,https://nychanow.nyc/basketball-court-improvements-at-breukelen-houses/,['breukelen'],None,0.19801980198019803
320,https://nychanow.nyc/hunting-for-clues-and-keeping-out-pests/,['adams'],None,0.19740099009900997
538,https://nychanow.nyc/city-focuses-resources-on-pest-problem/,['bushwick'],None,0.19492574257425743
288,https://nychanow.nyc/a-garden-mural-for-stapleton-houses/,['stapleton'],None,0.19337871287128713
601,https://nychanow.nyc/celebrating-pride-and-protecting-human-rights/,"['ingersoll', 'marcy', 'throggs neck']",{'june 22'},0.19337871287128713
679,https://nychanow.nyc/language-that-reaches-the-heart/,['taft'],None,0.1915222772277228
420,https://nychanow.nyc/lead-based-paint-testing-of-135000-nycha-apartments/,['harlem river'],"{'january 31', 'september 30'}",0.18904702970297035
617,https://nychanow.nyc/lighting-installed-at-polo-grounds/,['polo grounds towers'],"{'march 10', 'august 2015'}",0.1875
461,https://nychanow.nyc/the-eyes-of-the-authority/,['clinton'],None,0.18719059405940602
125,https://nychanow.nyc/nycha-naacp-branchs-black-health-and-wellness-event/,['brown'],{'february 23'},0.18595297029702973
446,https://nychanow.nyc/domestic-violence-awareness-for-seniors/,"['johnson', 'riis']","{'october 16', 'october 18'}",0.18533415841584167
616,https://nychanow.nyc/nycha-celebrates-black-history-month/,"['washington', 'woodson']",{'february 25'},0.182240099009901
549,https://nychanow.nyc/nychas-trade-fair-levels-the-playing-field/,"['adams', 'ravenswood']",None,0.18069306930693071
211,https://nychanow.nyc/nychas-working-mom-employees-making-a-difference-in-the-community/,"['bronx river', 'brown']",None,0.17883663366336636
544,https://nychanow.nyc/a-nycha-scribe-puts-down-his-pen/,['howard'],None,0.17605198019801985
99,https://nychanow.nyc/mobile-prostate-cancer-screening-unit-available-for-nycha-residents/,"['smith', 'wagner']",None,0.17357673267326734
360,https://nychanow.nyc/an-honor-for-all/,['patterson'],None,0.17326732673267328
418,https://nychanow.nyc/remembering-robert-white/,['white'],None,0.1711014851485149
586,https://nychanow.nyc/997-2/,"['grant', 'lincoln']",None,0.1701732673267327
82,https://nychanow.nyc/refurbished-basketball-court-opens-for-play-at-patterson-houses/,['patterson'],None,0.16646039603960394
334,https://nychanow.nyc/celebrating-black-history-month-6/,"['harlem river', 'rangel', 'robinson', 'washington', 'wilson']",None,0.16584158415841582
115,https://nychanow.nyc/junior-knicks-basketball-skills-clinic-celebrates-empowerment-for-girls/,"['breukelen', 'johnson']",{'march 13'},0.1639851485148515
238,https://nychanow.nyc/making-a-difference/,['longfellow avenue rehab'],None,0.16305693069306934
677,https://nychanow.nyc/coffee-with-the-chair/,['parkside'],{'june 2014'},0.16212871287128716
317,https://nychanow.nyc/family-partnerships-department-celebrates-african-american-history/,"['johnson', 'wilson']",None,0.16212871287128713
459,https://nychanow.nyc/a-new-community-center-for-marcy/,"['adams', 'marcy']",None,0.1602722772277228
653,https://nychanow.nyc/nycha-attorneys-make-house-calls/,"['eastchester gardens', 'international tower', 'lincoln', 'manhattanville']","{'july 17', 'july 23', 'july 21', 'august 14', 'july 16'}",0.15996287128712877
607,https://nychanow.nyc/new-programs-fight-crime-in-bushwick-houses/,['bushwick'],{'july 2014'},0.15934405940594062
589,https://nychanow.nyc/say-hello-to-j-stakenburg-director-of-the-office-of-emergency-management/,['grant'],{'july 2016'},0.15779702970297035
67,https://nychanow.nyc/nycha-tips-off-new-season-of-junior-knicks-basketball-league/,"['bronx river', 'carver', 'hammel', 'wald']",{'july 15'},0.15594059405940594
574,https://nychanow.nyc/feeling-stressed-resources-for-city-employees/,['grant'],None,0.15532178217821788
522,https://nychanow.nyc/pomonok-houses-builds-a-playground/,['pomonok'],None,0.15532178217821785
577,https://nychanow.nyc/recognizing-customer-service-excellence/,['robinson'],{'october 28'},0.15532178217821785
445,https://nychanow.nyc/customer-service-week-2018/,['washington'],{'october 15'},0.15470297029702973
635,https://nychanow.nyc/new-safety-investigation-program-launches/,"['bushwick', 'carver']",None,0.1543935643564357
328,https://nychanow.nyc/nycha-developments-named-after-women/,"['bethune gardens', 'bracetti plaza', 'sotomayor', 'thomas apartments', 'wald']",None,0.15439356435643567
260,https://nychanow.nyc/nycha-cuny-scholar-connie-aleman/,['lehman'],None,0.15284653465346534
363,https://nychanow.nyc/giving-new-life-to-a-wall/,"['astoria', 'lincoln']",None,0.14851485148514854
540,https://nychanow.nyc/a-man-of-action/,['university avenue rehab'],None,0.14820544554455445
678,https://nychanow.nyc/teamsters-president-recognized-longtime-nycha-employee/,"['dyckman', 'lincoln']",None,0.14665841584158415
189,https://nychanow.nyc/green-infrastructure-upgrades-at-gowanus-houses/,['gowanus'],None,0.14603960396039603
359,https://nychanow.nyc/practicing-preparedness/,['wald'],None,0.14480198019801985
249,https://nychanow.nyc/nycha-farms-close-out-holiday-season-with-winter-cheer-festivities/,"['bay view', 'forest', 'howard', 'wagner']",None,0.1435643564356436
102,https://nychanow.nyc/nycha-neighborhood-administrator-presents-career-tips-to-harlem-youth/,"['grant', 'king towers', 'manhattanville']",{'april 13'},0.14263613861386143
145,https://nychanow.nyc/hud-secretary-fudge-meets-with-residents-in-first-visit-to-nycha/,['patterson'],"{'march 2021', 'december 13'}",0.14232673267326734
393,https://nychanow.nyc/better-accommodating-residents-and-staff/,['robinson'],None,0.14232673267326734
442,https://nychanow.nyc/nycha-celebrates-hispanic-heritage/,"['johnson', 'taft']",{'october 25'},0.14232673267326734
483,https://nychanow.nyc/cold-day-warm-hearts/,['grant'],None,0.13985148514851484
351,https://nychanow.nyc/this-is-your-oscar-moment/,"['east river', 'marlboro', 'straus', 'wilson', 'woodside']",{'july 1997'},0.13923267326732675
612,https://nychanow.nyc/construction-group-meeting-ends-with-a-call-for-photos/,['ingersoll'],None,0.1386138613861386
313,https://nychanow.nyc/making-masks-for-frontline-staff/,['berry'],None,0.1379950495049505
369,https://nychanow.nyc/true-heroes/,['mitchel'],{'august 29'},0.13768564356435645
512,https://nychanow.nyc/bring-it-on-home/,"['dyckman', 'woodside']",None,0.13706683168316836
672,https://nychanow.nyc/caretakers-build-career-path/,"['brown', 'manhattanville']",None,0.1364480198019802
547,https://nychanow.nyc/talking-respect-efficiency-and-sustainability-at-the-eec/,['first houses'],None,0.13613861386138615
670,https://nychanow.nyc/letter-of-commendation-to-staff-at-cassidylafayette-houses/,['lafayette'],None,0.1358292079207921
497,https://nychanow.nyc/sharing-success/,['smith'],{'february 22'},0.13490099009900994
419,https://nychanow.nyc/a-nycha-black-history-month-celebration/,"['johnson', 'taft']",{'february 28'},0.13459158415841585
180,https://nychanow.nyc/upgraded-basketball-court-debuts-at-stapleton-houses/,['stapleton'],{'august 26'},0.13335396039603958
356,https://nychanow.nyc/getting-nycha-residents-registered/,"['adams', 'forest', 'moore', 'morrisania', 'morrisania air rights', 'webster']","{'june 23', 'october 11', 'april 28', 'september 24'}",0.13087871287128713
389,https://nychanow.nyc/reducing-the-rat-population/,['bushwick'],None,0.13025990099009901
379,https://nychanow.nyc/reminiscing-through-theatre/,"['jackson', 'monroe', 'smith', 'sumner']",None,0.1280940594059406
663,https://nychanow.nyc/nychas-2015-safety-leaders/,"['cooper park', 'riis']",None,0.12716584158415842
281,https://nychanow.nyc/going-above-and-beyond/,['1010 east 178th street'],None,0.12623762376237624
335,https://nychanow.nyc/celebrating-black-history-month-2/,"['bland', 'brown', 'brownsville', 'carver', 'howard', 'washington', 'woodson']",None,0.12592821782178218
514,https://nychanow.nyc/a-nycha-love-story-longtime-edenwald-residents-celebrate-their-74th-wedding-anniversary/,"['edenwald', 'mitchel', 'wald', 'washington']",{'november 15'},0.12561881188118812
4,https://nychanow.nyc/celebrating-black-history-month-at-red-hook-houses/,['red hook west'],None,0.12407178217821782
571,https://nychanow.nyc/nextgen-values-commitment-collaboration-and-service/,"['brown', 'grant', 'hernandez', 'jackson', 'johnson']",{'november 18'},0.12345297029702973
120,https://nychanow.nyc/apply-now-for-the-summer-youth-employment-program/,['adams'],"{'april 22', 'august 20'}",0.12221534653465349
468,https://nychanow.nyc/a-watchful-eye/,"['lower east side ii', 'smith', 'wald', 'white']",None,0.12159653465346536
633,https://nychanow.nyc/board-member-appointed/,['rutgers'],{'december 23'},0.12128712871287131
568,https://nychanow.nyc/thomas-osei-helps-hometown-kids-in-ghana/,['butler'],None,0.12066831683168319
542,https://nychanow.nyc/top-recyclers/,['latimer gardens'],None,0.12066831683168318
50,https://nychanow.nyc/ehs-fire-safety-oversight-team-honored-for-exemplary-customer-service/,['adams'],None,0.12004950495049507
358,https://nychanow.nyc/nycha-cuny-scholar-2/,['stapleton'],{'march 2020'},0.11912128712871291
223,https://nychanow.nyc/celebrating-womens-history-month-honoring-mariana-bracetti/,['bracetti plaza'],None,0.11788366336633664
333,https://nychanow.nyc/celebrating-black-history-month-3/,"['brown', 'brownsville', 'davidson', 'lincoln', 'morrisania', 'woodson']",None,0.11757425742574258
642,https://nychanow.nyc/making-strides-against-breast-cancer/,"['hernandez', 'pink', 'soundview']",{'october 18'},0.1160272277227723
96,https://nychanow.nyc/discussing-data-sharing-with-nychas-chief-information-officer/,['white'],None,0.11571782178217824
1,https://nychanow.nyc/meet-the-coaching-and-mentoring-leadership-academy-participants/,['isaacs'],{'january 2023'},0.11386138613861387
329,https://nychanow.nyc/complimenting-doretha-ford-in-the-quality-assurance-unit/,['park rock rehab'],{'october 2019'},0.11355198019801982
430,https://nychanow.nyc/making-safety-fun/,"['brown', 'brownsville']",None,0.11262376237623764
60,https://nychanow.nyc/nycha-plumber-organizes-workshops-for-girls/,['grant'],None,0.11200495049504954
621,https://nychanow.nyc/residents-thank-patterson-houses-caretakers/,['patterson'],None,0.11138613861386139
532,https://nychanow.nyc/a-view-of-the-future/,"['brown', 'red hook east', 'red hook west']",None,0.11107673267326734
276,https://nychanow.nyc/sage-thyme-and-rosemary-for-nycha-residents/,"['bronx river', 'jackson', 'morrisania']",{'september 17'},0.11076732673267328
511,https://nychanow.nyc/dinner-is-served/,['manhattanville'],None,0.11076732673267327
357,https://nychanow.nyc/nycha-cuny-scholar/,['marlboro'],None,0.10767326732673269
412,https://nychanow.nyc/older-adults-master-computer-class/,['lehman'],{'march 20'},0.10488861386138615
456,https://nychanow.nyc/national-night-out-at-nycha/,['astoria'],None,0.10396039603960398
576,https://nychanow.nyc/chair-olatoye-addresses-white-house-forum/,['white'],None,0.10334158415841586
680,https://nychanow.nyc/nycha-celebrates-black-history/,['lincoln'],"{'february 19', 'february 20'}",0.10272277227722773
61,https://nychanow.nyc/national-night-out-2022/,"['adams', 'fulton', 'patterson']",None,0.10148514851485149
142,https://nychanow.nyc/hernandez-houses-residents-celebrate-new-playground/,['hernandez'],{'december 17'},0.09900990099009901
153,https://nychanow.nyc/nycha-eco-hubs-host-free-harvest-festivals/,"['bay view', 'forest', 'howard', 'wagner']",None,0.09777227722772278
300,https://nychanow.nyc/june-work-anniversaries-3/,"['adams', 'butler', 'grant', 'hernandez', 'johnson', 'moore', 'patterson', 'smith', 'washington', 'wilson']",{'mark 40'},0.09684405940594062
336,https://nychanow.nyc/celebrating-black-history-month-5/,"['brown', 'chelsea', 'latimer gardens', 'marshall plaza', 'washington', 'woodson']","{'marshall 1908', 'june 1991'}",0.09684405940594061
485,https://nychanow.nyc/a-new-season-takes-root/,"['grant', 'johnson']",{'april 13'},0.09622524752475248
361,https://nychanow.nyc/harvest-time-at-nychas-farms/,"['bay view', 'forest', 'howard', 'wagner']",{'september 28'},0.09560643564356437
21,https://nychanow.nyc/nycha-ceo-coo-pix11/,['wald'],{'january 12'},0.09498762376237624
79,https://nychanow.nyc/meet-cherry-mccutchen-director-of-learning-and-development/,['forest'],None,0.09467821782178218
457,https://nychanow.nyc/staten-island-hosts-city-hall-in-your-borough/,['stapleton'],"{'august 20', 'july 26'}",0.09251237623762376
342,https://nychanow.nyc/recognizing-james-secreto-nypd-housing-bureau-chief/,"['albany', 'crown heights']",{'november 1979'},0.09158415841584158
279,https://nychanow.nyc/get-your-flu-shot-now/,['white'],None,0.09127475247524755
309,https://nychanow.nyc/celebrating-nycha-heroes-redfern/,"['hernandez', 'redfern']",None,0.09034653465346534
578,https://nychanow.nyc/senior-staff-shadow-employees-on-the-job-for-firsthand-view/,['astoria'],None,0.09003712871287128
332,https://nychanow.nyc/celebrating-black-history-month/,"['bethune gardens', 'brown', 'brownsville', 'washington', 'woodson']",None,0.08910891089108912
462,https://nychanow.nyc/getting-prepared/,['astoria'],{'june 19'},0.08879950495049507
471,https://nychanow.nyc/props-to-the-riis-houses-grounds-crew/,['riis'],None,0.088490099009901
286,https://nychanow.nyc/complete-the-2020-census-3/,"['albany', 'washington']",None,0.08694306930693071
76,https://nychanow.nyc/spotlight-on-nychas-chinese-american-association/,['smith'],None,0.0863242574257426
675,https://nychanow.nyc/kilsys-payamps-roure-honored/,['washington'],{'february 23'},0.08570544554455448
201,https://nychanow.nyc/meet-theresa-bethea-neighborhood-administrator-in-the-bronx/,['throggs neck'],None,0.08570544554455446
169,https://nychanow.nyc/nycha-employees-joined-by-young-family-members-for-mets-first-pitch/,['washington'],"{'august 11', 'september 18'}",0.08570544554455446
374,https://nychanow.nyc/vibrant-new-mural-for-wald-houses/,"['grant', 'wald']",{'july 10'},0.08570544554455445
613,https://nychanow.nyc/__trashed-14/,['robinson'],{'march 22'},0.08508663366336636
492,https://nychanow.nyc/chair-olatoyes-fourth-anniversary-tour/,"['dyckman', 'middletown plaza', 'ravenswood', 'sumner']",None,0.08508663366336634
295,https://nychanow.nyc/thanking-nychas-essential-workers/,"['howard', 'ingersoll', 'lafayette', 'marcy', 'sumner', 'tompkins', 'whitman']",None,0.08353960396039604
244,https://nychanow.nyc/senior-receives-first-tablet-computer-as-christmas-gift-from-nycha/,['vladeck'],{'december 24'},0.08292079207920793
596,https://nychanow.nyc/get-your-idnyc-card/,['sedgwick'],None,0.08075495049504952
501,https://nychanow.nyc/safeguarding-our-seas/,['sheepshead bay'],None,0.08044554455445546
65,https://nychanow.nyc/nycha-skyliners-take-aim-at-softball-league-championship/,['albany'],{'july 28'},0.07858910891089112
47,https://nychanow.nyc/october-is-cybersecurity-awareness-month-2/,['grant'],None,0.0770420792079208
80,https://nychanow.nyc/bringing-covid-19-tests-close-to-home/,"['brown', 'brownsville']",None,0.07642326732673269
337,https://nychanow.nyc/celebrating-black-history-month-4/,"['brown', 'brownsville', 'johnson', 'king towers', 'washington', 'woodson']",None,0.07363861386138615
477,https://nychanow.nyc/residents-can-apply-now-for-the-nycha-cuny-scholarships/,['grant'],{'june 23'},0.07301980198019803
525,https://nychanow.nyc/calling-all-nycha-actors/,['straus'],"{'october 31', 'january 12'}",0.07240099009900991
567,https://nychanow.nyc/a-message-to-immigrant-new-yorkers-from-mayor-de-blasio-and-speaker-mark-viverito/,['grant'],None,0.06992574257425743
467,https://nychanow.nyc/driving-success/,['wald'],None,0.06899752475247525
676,https://nychanow.nyc/womens-history-month-celebration/,['clinton'],{'march 24'},0.06652227722772278
345,https://nychanow.nyc/celebrating-the-festival-of-lights/,['crown heights'],{'december 18'},0.0640470297029703
664,https://nychanow.nyc/jewish-heritage-month-celebration/,"['edenwald', 'wald']",None,0.0625
491,https://nychanow.nyc/snow-day-cleanup/,"['jefferson', 'smith']",{'march 21'},0.06095297029702971
282,https://nychanow.nyc/celebrating-hispanic-heritage/,"['bracetti plaza', 'de hostos apartments', 'hernandez', 'sotomayor']","{'october 15', 'september 15'}",0.05878712871287129
595,https://nychanow.nyc/national-night-out/,['ingersoll'],None,0.05878712871287129
570,https://nychanow.nyc/senior-leadership-meeting-focuses-on-nychas-influence/,['carver'],None,0.058477722772277224
311,https://nychanow.nyc/celebrating-nycha-heroes/,['adams'],None,0.05816831683168318
640,https://nychanow.nyc/municipal-credit-union-college-scholarship/,['grant'],{'january 15'},0.056002475247524754
490,https://nychanow.nyc/300-and-counting/,['tilden'],None,0.055383663366336634
165,https://nychanow.nyc/celebrating-hispanic-heritage-2/,['white'],"{'october 15', 'october 31', 'september 15'}",0.05507425742574258
421,https://nychanow.nyc/happy-lunar-new-year/,['smith'],{'february 14'},0.05445544554455446
518,https://nychanow.nyc/running-ideas-with-the-chair/,['howard'],{'october 27'},0.05383663366336634
354,https://nychanow.nyc/taking-action-together/,['white'],"{'december 10', 'november 26', 'november 25'}",0.05228960396039606
610,https://nychanow.nyc/executive-support-staff-train-to-plan-more-effective-meetings/,['brown'],{'april 27'},0.05136138613861387
304,https://nychanow.nyc/celebrating-nycha-heroes-althea-frontin/,['lehman'],None,0.051051980198019806
228,https://nychanow.nyc/isaacs-center-virtual-black-history-month-celebration/,"['holmes towers', 'isaacs']",{'february 19'},0.05012376237623763
93,https://nychanow.nyc/preschoolers-at-smith-houses-compost-food-scraps/,['smith'],None,0.04888613861386139
527,https://nychanow.nyc/nyc-center-to-open-to-help-families-displaced-by-hurricanes/,['lexington'],{'october 19'},0.04702970297029702
556,https://nychanow.nyc/category/issues/april-2017/,['breukelen'],None,0.04641089108910891
558,https://nychanow.nyc/category/issues/april-2017/,['breukelen'],None,0.04641089108910891
554,https://nychanow.nyc/category/issues/april-2017/,['breukelen'],None,0.04641089108910891
555,https://nychanow.nyc/category/issues/april-2017/,['breukelen'],None,0.04641089108910891
557,https://nychanow.nyc/category/issues/april-2017/,['breukelen'],None,0.04641089108910891
263,https://nychanow.nyc/harvest-festivals-celebrate-fall-fun-with-safety-in-mind/,"['bay view', 'forest', 'howard', 'wagner']",None,0.045173267326732686
620,https://nychanow.nyc/category/issues/march-2016/,['albany'],None,0.04486386138613861
618,https://nychanow.nyc/category/issues/march-2016/,['albany'],None,0.04486386138613861
134,https://nychanow.nyc/what-do-you-want-to-tell-the-new-mayor/,['adams'],{'february 11'},0.04393564356435643
385,https://nychanow.nyc/celebrating-nychas-dads/,['johnson'],{'june 14'},0.0426980198019802
534,https://nychanow.nyc/good-morning-coney-island/,"['carey gardens', 'coney island', 'gravesend']",{'august 18'},0.042079207920792075
513,https://nychanow.nyc/chair-olatoye-in-focus-on-ny1/,['hammel'],{'december 10'},0.04146039603960396
661,https://nychanow.nyc/come-join-the-fun-on-instagram/,['monroe'],None,0.038056930693069306
306,https://nychanow.nyc/kudos-to-madeline-mendez-property-manager-at-sotomayor-houses/,['sotomayor'],None,0.03774752475247525
355,https://nychanow.nyc/a-day-of-music/,['johnson'],{'october 11'},0.03774752475247525
449,https://nychanow.nyc/getting-their-groove-on/,['polo grounds towers'],None,0.03341584158415842
510,https://nychanow.nyc/tis-the-season/,['adams'],"{'december 19', 'december 13'}",0.03217821782178218
531,https://nychanow.nyc/continuing-the-national-conversation-on-public-housing/,['washington'],None,0.03186881188118812
563,https://nychanow.nyc/category/issues/march-2017/,"['davidson', 'morrisania']","{'january 30', 'april 13'}",0.03094059405940594
564,https://nychanow.nyc/category/issues/march-2017/,"['davidson', 'morrisania']","{'january 30', 'april 13'}",0.03094059405940594
560,https://nychanow.nyc/category/issues/march-2017/,"['davidson', 'morrisania']","{'january 30', 'april 13'}",0.03094059405940594
561,https://nychanow.nyc/category/issues/march-2017/,"['davidson', 'morrisania']","{'january 30', 'april 13'}",0.03094059405940594
551,https://nychanow.nyc/hispanic-society-members-share-mothers-day-memories/,['smith'],None,0.03001237623762376
472,https://nychanow.nyc/honoring-the-heritage-of-ethiopian-jews/,['grant'],None,0.029084158415841586
606,https://nychanow.nyc/former-housing-police-meet-to-remember/,['astoria'],None,0.027537128712871284
301,https://nychanow.nyc/1000-scholarships-for-residents/,['grant'],{'june 23'},0.025371287128712873
582,https://nychanow.nyc/nycha-alum-joel-klein-shares-his-secrets-for-success/,['woodside'],{'september 30'},0.024752475247524754
166,https://nychanow.nyc/nycha-and-baby2baby-give-away-baby-and-child-supplies/,['saint nicholas'],{'september 29'},0.024133663366336634
495,https://nychanow.nyc/nychas-hope/,['amsterdam'],None,0.020111386138613865
611,https://nychanow.nyc/going-green-at-nycha/,['hernandez'],{'april 22'},0.01577970297029703
427,https://nychanow.nyc/visiting-the-past/,"['grant', 'la guardia', 'wagner']",None,0.01485148514851485
432,https://nychanow.nyc/seniors-celebrate-the-holidays-at-nycha/,['johnson'],{'december 14'},0.009591584158415843
402,https://nychanow.nyc/april-work-anniversaries-2/,"['brown', 'grant', 'hernandez', 'jackson', 'jefferson', 'johnson', 'moore', 'patterson', 'robinson', 'smith', 'washington', 'white', 'wilson']",None,0.009591584158415841
408,https://nychanow.nyc/march-work-anniversaries-2/,"['brown', 'hernandez', 'jackson', 'jefferson', 'johnson', 'mitchel', 'moore', 'smith']",None,0.008663366336633664
458,https://nychanow.nyc/a-nice-place-to-play/,['hylan'],None,0.007425742574257425
331,https://nychanow.nyc/january-work-anniversaries-3/,"['johnson', 'moore', 'patterson', 'robinson', 'smith', 'wilson']",None,0.006497524752475247
325,https://nychanow.nyc/february-work-anniversaries-3/,"['brown', 'clinton', 'jackson', 'johnson', 'mitchel', 'monroe', 'robinson', 'white', 'wilson']",None,0.006497524752475247
346,https://nychanow.nyc/december-work-anniversaries-3/,"['hernandez', 'johnson']",None,0.006497524752475247
602,https://nychanow.nyc/category/issues/july-2016/,['johnson'],{'june 30'},0.006188118811881188
603,https://nychanow.nyc/category/issues/july-2016/,['johnson'],{'june 30'},0.006188118811881188
604,https://nychanow.nyc/category/issues/july-2016/,['johnson'],{'june 30'},0.006188118811881188
443,https://nychanow.nyc/giving-turkeys-giving-thanks/,['wald'],{'november 13'},0.0049504950495049506
291,https://nychanow.nyc/remembering-brandon-hendricks/,"['jackson', 'morrisania']",{'june 28'},0.002165841584158416
625,https://nychanow.nyc/free-screening-of-pomonok-dreams/,['pomonok'],"{'jan 18', 'jan 21'}",0.001547029702970297
626,https://nychanow.nyc/category/issues/january-2016/,['pomonok'],None,0.0
631,https://nychanow.nyc/category/issues/january-2016/,['pomonok'],None,0.0
632,https://nychanow.nyc/category/issues/january-2016/,['pomonok'],None,0.0
634,https://nychanow.nyc/category/issues/january-2016/,['pomonok'],None,0.0
